<?xml version="1.0" standalone="yes"?>
<sfFunction sfName="mcG1CallFRN1" sfHeaderFile="mcG1CallFRN1.h" sfCFile="mcG1CallFRN1.cpp" sfInstrument="mcG1CallFRN1 option" >
<sfAttrib sfName="sfCodeModel" sfValue="SciArray"/>
<sfXlpGen> 
<xlpStyleSheet> scixl.xsl</xlpStyleSheet> 
<xlpXmlFile> mcG1CallFRN1-xlpgen.xml</xlpXmlFile> 
<xlpProjectSrcDir> project-files</xlpProjectSrcDir> 
<xlpProjectDestDir> . </xlpProjectDestDir> 
<xlpAddinCppFile> mcG1CallFRN1xl.cpp</xlpAddinCppFile> 
<xlpAddinHFile> mcG1CallFRN1xl.h</xlpAddinHFile> 
<xlpXlsFile xlpTarget="mcG1CallFRN1-demo.xls" />  
</sfXlpGen> 
<sfInput   sfName="Accrual"  sfDataType="double" sfDims="1"  sfLBound="1"  sfUBound="nCpn"  sfDescription="solution variable"  sfDefault="0.0"  sfFpmlTag=""/> 
<sfInput   sfName="CallPrice"  sfDataType="double" sfDims="0"  sfDescription="solution variable"  sfDefault="0.0"  sfFpmlTag=""/> 
<sfInput   sfName="Cap"  sfDataType="double" sfDims="1"  sfLBound="1"  sfUBound="nCpn"  sfDescription="solution variable"  sfDefault="0.0"  sfFpmlTag=""/> 
<sfInput   sfName="ExerciseDates"  sfDataType="double" sfDims="1"  sfLBound="1"  sfUBound="nExer"  sfDescription="solution variable"  sfDefault="0.0"  sfFpmlTag=""> <sfAttrib sfName="date" sfValue="1"/> </sfInput>
<sfInput   sfName="Flr"  sfDataType="double" sfDims="1"  sfLBound="1"  sfUBound="nCpn"  sfDescription="solution variable"  sfDefault="0.0"  sfFpmlTag=""/> 
<sfInput   sfName="Gear"  sfDataType="double" sfDims="1"  sfLBound="1"  sfUBound="nCpn"  sfDescription="solution variable"  sfDefault="0.0"  sfFpmlTag=""/> 
<sfInput   sfName="kappa"  sfDataType="double" sfDims="0"  sfDescription="solution variable"  sfDefault="0.0"  sfFpmlTag=""/> 
<sfInput   sfName="maxord1"  sfDataType="long" sfDims="0"  sfDescription="solution variable"  sfDefault="10"  sfFpmlTag=""/> 
<sfInput   sfName="maxord2"  sfDataType="long" sfDims="0"  sfDescription="solution variable"  sfDefault="10"  sfFpmlTag=""/> 
<sfInput   sfName="nCpn"  sfDataType="long" sfDims="0"  sfDescription="solution variable"  sfDefault="10"  sfFpmlTag=""/> 
<sfInput   sfName="nExer"  sfDataType="long" sfDims="0"  sfDescription="solution variable"  sfDefault="10"  sfFpmlTag=""/> 
<sfInput   sfName="nMax"  sfDataType="long" sfDims="0"  sfDescription="number of grid cells for t"  sfDefault="10"  sfFpmlTag=""/> 
<sfInput   sfName="Notional"  sfDataType="double" sfDims="0"  sfDescription="solution variable"  sfDefault="0.0"  sfFpmlTag=""/> 
<sfInput   sfName="nRst"  sfDataType="long" sfDims="0"  sfDescription="solution variable"  sfDefault="10"  sfFpmlTag=""/> 
<sfInput   sfName="nZero"  sfDataType="long" sfDims="0"  sfDescription="solution variable"  sfDefault="10"  sfFpmlTag=""/> 
<sfInput   sfName="PastLibor"  sfDataType="double" sfDims="0"  sfDescription="solution variable"  sfDefault="0.0"  sfFpmlTag=""/> 
<sfInput   sfName="PaymentDates"  sfDataType="double" sfDims="1"  sfLBound="1"  sfUBound="nCpn"  sfDescription="solution variable"  sfDefault="0.0"  sfFpmlTag=""> <sfAttrib sfName="date" sfValue="1"/> </sfInput>
<sfInput   sfName="pMax"  sfDataType="long" sfDims="0"  sfDescription="maximum for path"  sfDefault="10"  sfFpmlTag=""/> 
<sfInput   sfName="ResetDates"  sfDataType="double" sfDims="1"  sfLBound="1"  sfUBound="nRst"  sfDescription="solution variable"  sfDefault="0.0"  sfFpmlTag=""> <sfAttrib sfName="date" sfValue="1"/> </sfInput>
<sfInput   sfName="Series"  sfDataType="long" sfDims="0"  sfDescription="solution variable"  sfDefault="10"  sfFpmlTag=""/> 
<sfInput   sfName="sigma"  sfDataType="double" sfDims="0"  sfDescription="solution variable"  sfDefault="0.0"  sfFpmlTag=""/> 
<sfInput   sfName="Spread"  sfDataType="double" sfDims="1"  sfLBound="1"  sfUBound="nCpn"  sfDescription="solution variable"  sfDefault="0.0"  sfFpmlTag=""/> 
<sfInput   sfName="tau"  sfDataType="double" sfDims="0"  sfDescription="solution variable"  sfDefault="0.0"  sfFpmlTag=""/> 
<sfInput   sfName="zDates"  sfDataType="double" sfDims="1"  sfLBound="0"  sfUBound="nZero"  sfDescription="solution variable"  sfDefault="0.0"  sfFpmlTag=""> <sfAttrib sfName="date" sfValue="1"/> </sfInput>
<sfInput   sfName="zRates"  sfDataType="double" sfDims="1"  sfLBound="0"  sfUBound="nZero"  sfDescription="solution variable"  sfDefault="0.0"  sfFpmlTag=""/> 
<sfOutput   sfName="Vx"  sfDataType="double" sfDims="0"  sfDescription="discounted value"  sfFpmlTag=""/> 
<sfColumnGroup  sfName="XCouponStruct"  sfDescription="solution variable, solution variable, solution variable, solution variable, solution variable and solution variable"  sfLBound="1"  sfUBound="nCpn"  sfFpmlTag="r:steps">  <sfColumn sfName="PaymentDates"/>  <sfColumn sfName="Cap"/>  <sfColumn sfName="Flr"/>  <sfColumn sfName="Gear"/>  <sfColumn sfName="Spread"/>  <sfColumn sfName="Accrual"/> </sfColumnGroup> 
<sfColumnGroup  sfName="XExerciseDates"  sfDescription="solution variable"  sfLBound="1"  sfUBound="nExer"  sfFpmlTag="r:steps">  <sfColumn sfName="ExerciseDates"/> </sfColumnGroup> 
<sfColumnGroup  sfName="XResetDates"  sfDescription="solution variable"  sfLBound="1"  sfUBound="nRst"  sfFpmlTag="r:steps">  <sfColumn sfName="ResetDates"/> </sfColumnGroup> 
<sfColumnGroup  sfName="XZeroCurve"  sfDescription="solution variable and solution variable"  sfLBound="0"  sfUBound="nZero"  sfFpmlTag="r:steps">  <sfColumn sfName="zDates"/>  <sfColumn sfName="zRates"/> </sfColumnGroup> 
 
 <sfInstallation  sfCompanyName="SciComp Inc" sfUserName="\:c601\:c5c5" />
</sfFunction> 