<?xml version="1.0" standalone="yes"?>
<sfFunction sfName="FXCBond1" sfHeaderFile="FXCBond1.h" sfCFile="FXCBond1.cpp" sfInstrument=" Convertible bond that prices a domestic bond which is convertible into shares of a foreign stock " >
<sfAttrib sfName="sfCodeModel" sfValue="SciArray"/>
<sfXlpGen> 
<xlpStyleSheet> scixl.xsl</xlpStyleSheet> 
<xlpXmlFile> FXCBond1-xlpgen.xml</xlpXmlFile> 
<xlpProjectSrcDir> project-files</xlpProjectSrcDir> 
<xlpProjectDestDir> . </xlpProjectDestDir> 
<xlpAddinCppFile> FXCBond1xl.cpp</xlpAddinCppFile> 
<xlpAddinHFile> FXCBond1xl.h</xlpAddinHFile> 
<xlpXlsFile xlpTarget="FXCBond1-demo.xls" />  
</sfXlpGen> 
<sfInput   sfName="Accuracy"  sfDataType="double" sfDims="0"  sfDescription="solution variable"  sfDefault="0.0"  sfFpmlTag=""/> 
<sfInput   sfName="callPrice"  sfDataType="double" sfDims="0"  sfDescription="solution variable"  sfDefault="0.0"  sfFpmlTag=""/> 
<sfInput   sfName="coupTab"  sfDataType="double" sfDims="1"  sfLBound="1"  sfUBound="ncoup"  sfDescription="solution variable"  sfDefault="0.0"  sfFpmlTag=""/> 
<sfInput   sfName="couptTab"  sfDataType="double" sfDims="1"  sfLBound="1"  sfUBound="ncoup"  sfDescription="Sample array for Exercise"  sfDefault="0.0"  sfFpmlTag=""> <sfAttrib sfName="date" sfValue="1"/> </sfInput>
<sfInput   sfName="CR"  sfDataType="double" sfDims="0"  sfDescription="solution variable"  sfDefault="0.0"  sfFpmlTag=""/> 
<sfInput   sfName="D0"  sfDataType="double" sfDims="0"  sfDescription="continuous dividend yield"  sfDefault="0.0"  sfFpmlTag=""/> 
<sfInput   sfName="divAmounts"  sfDataType="double" sfDims="1"  sfLBound="1"  sfUBound="numdiv"  sfDescription="solution variable"  sfDefault="0.0"  sfFpmlTag=""/> 
<sfInput   sfName="divTimes"  sfDataType="double" sfDims="1"  sfLBound="1"  sfUBound="numdiv"  sfDescription="Sample array for DividendAtEnd"  sfDefault="0.0"  sfFpmlTag=""> <sfAttrib sfName="date" sfValue="1"/> </sfInput>
<sfInput   sfName="iMax"  sfDataType="long" sfDims="0"  sfDescription="number of grid cells for x"  sfDefault="10"  sfFpmlTag=""/> 
<sfInput   sfName="ncoup"  sfDataType="long" sfDims="0"  sfDescription="solution variable"  sfDefault="10"  sfFpmlTag=""/> 
<sfInput   sfName="nMax"  sfDataType="long" sfDims="0"  sfDescription="number of grid cells for tau"  sfDefault="-999"  sfFpmlTag=""/> 
<sfInput   sfName="nput"  sfDataType="long" sfDims="0"  sfDescription="solution variable"  sfDefault="10"  sfFpmlTag=""/> 
<sfInput   sfName="numdiv"  sfDataType="long" sfDims="0"  sfDescription="solution variable"  sfDefault="10"  sfFpmlTag=""/> 
<sfInput   sfName="parValue"  sfDataType="double" sfDims="0"  sfDescription="solution variable"  sfDefault="0.0"  sfFpmlTag=""/> 
<sfInput   sfName="putTab"  sfDataType="double" sfDims="1"  sfLBound="1"  sfUBound="nput"  sfDescription="solution variable"  sfDefault="0.0"  sfFpmlTag=""/> 
<sfInput   sfName="puttTab"  sfDataType="double" sfDims="1"  sfLBound="1"  sfUBound="nput"  sfDescription="Sample array for Exercise"  sfDefault="0.0"  sfFpmlTag=""> <sfAttrib sfName="date" sfValue="1"/> </sfInput>
<sfInput   sfName="rdfree"  sfDataType="double" sfDims="0"  sfDescription="solution variable"  sfDefault="0.0"  sfFpmlTag=""/> 
<sfInput   sfName="rho"  sfDataType="double" sfDims="0"  sfDescription="solution variable"  sfDefault="0.0"  sfFpmlTag=""/> 
<sfInput   sfName="sigmaS"  sfDataType="double" sfDims="0"  sfDescription="solution variable"  sfDefault="0.0"  sfFpmlTag=""/> 
<sfInput   sfName="sigmaX"  sfDataType="double" sfDims="0"  sfDescription="solution variable"  sfDefault="0.0"  sfFpmlTag=""/> 
<sfInput   sfName="SMax"  sfDataType="double" sfDims="0"  sfDescription="solution variable"  sfDefault="-999."  sfFpmlTag=""/> 
<sfInput   sfName="SMin"  sfDataType="double" sfDims="0"  sfDescription="solution variable"  sfDefault="-999."  sfFpmlTag=""/> 
<sfInput   sfName="Spot"  sfDataType="double" sfDims="0"  sfDescription="solution variable"  sfDefault="0.0"  sfFpmlTag=""/> 
<sfInput   sfName="spread"  sfDataType="double" sfDims="0"  sfDescription="solution variable"  sfDefault="0.0"  sfFpmlTag=""/> 
<sfInput   sfName="tcallStart"  sfDataType="double" sfDims="0"  sfDescription="solution variable"  sfDefault="0.0"  sfFpmlTag=""> <sfAttrib sfName="date" sfValue="1"/> </sfInput>
<sfInput   sfName="TMax"  sfDataType="double" sfDims="0"  sfDescription="minimum physical value in dimension tau"  sfDefault="0.0"  sfFpmlTag=""> <sfAttrib sfName="date" sfValue="1"/> </sfInput>
<sfInput   sfName="tolSOR"  sfDataType="double" sfDims="0"  sfDescription="solution variable"  sfDefault="0.00000001"  sfFpmlTag=""/> 
<sfInput   sfName="XSpot"  sfDataType="double" sfDims="0"  sfDescription="solution variable"  sfDefault="0.0"  sfFpmlTag=""/> 
<sfOutput   sfName="atSpot1x"  sfDataType="double" sfDims="0"  sfDescription="solution variable"  sfFpmlTag=""/> 
<sfOutput   sfName="atSpot11x"  sfDataType="double" sfDims="0"  sfDescription="solution variable"  sfFpmlTag=""/> 
<sfOutput   sfName="atSpot2x"  sfDataType="double" sfDims="0"  sfDescription="solution variable"  sfFpmlTag=""/> 
<sfOutput   sfName="Sx"  sfDataType="double" sfDims="1"  sfLBound="0"  sfUBound="10"  sfDescription="solution variable"  sfFpmlTag=""/> 
<sfOutput   sfName="Vx"  sfDataType="double" sfDims="1"  sfLBound="0"  sfUBound="10"  sfDescription="option value"  sfFpmlTag=""/> 
<sfColumnGroup  sfName="XcoupTable"  sfDescription="Sample array for Exercise and solution variable"  sfLBound="1"  sfUBound="ncoup"  sfFpmlTag="r:steps">  <sfColumn sfName="couptTab"/>  <sfColumn sfName="coupTab"/> </sfColumnGroup> 
<sfColumnGroup  sfName="XputTable"  sfDescription="Sample array for Exercise and solution variable"  sfLBound="1"  sfUBound="nput"  sfFpmlTag="r:steps">  <sfColumn sfName="puttTab"/>  <sfColumn sfName="putTab"/> </sfColumnGroup> 
<sfColumnGroup  sfName="Xtdiv"  sfDescription="solution variable and Sample array for DividendAtEnd"  sfLBound="1"  sfUBound="numdiv"  sfFpmlTag="r:steps">  <sfColumn sfName="divAmounts"/>  <sfColumn sfName="divTimes"/> </sfColumnGroup> 
 
 <sfInstallation  sfCompanyName="SciComp Inc" sfUserName="\:c601\:c5c5" />
</sfFunction> 