<?xml version="1.0" standalone="yes"?>
<sfFunction sfName="mcEqLinkStructNote6" sfHeaderFile="mcEqLinkStructNote6.h" sfCFile="mcEqLinkStructNote6.cpp" sfInstrument="mcEqLinkStructNote6 option" >
<sfAttrib sfName="sfCodeModel" sfValue="SciArray"/>
<sfXlpGen> 
<xlpStyleSheet> scixl.xsl</xlpStyleSheet> 
<xlpXmlFile> mcEqLinkStructNote6-xlpgen.xml</xlpXmlFile> 
<xlpProjectSrcDir> project-files</xlpProjectSrcDir> 
<xlpProjectDestDir> . </xlpProjectDestDir> 
<xlpAddinCppFile> mcEqLinkStructNote6xl.cpp</xlpAddinCppFile> 
<xlpAddinHFile> mcEqLinkStructNote6xl.h</xlpAddinHFile> 
<xlpXlsFile xlpTarget="mcEqLinkStructNote6-demo.xls" />  
</sfXlpGen> 
<sfInput   sfName="CallPerf"  sfDataType="double" sfDims="0"  sfDescription="solution variable"  sfDefault="0.0"  sfFpmlTag=""/> 
<sfInput   sfName="CouponDates"  sfDataType="double" sfDims="1"  sfLBound="1"  sfUBound="nCoup"  sfDescription="solution variable"  sfDefault="0.0"  sfFpmlTag=""> <sfAttrib sfName="date" sfValue="1"/> </sfInput>
<sfInput   sfName="inRangeDays0"  sfDataType="long" sfDims="0"  sfDescription="solution variable"  sfDefault="10"  sfFpmlTag=""/> 
<sfInput   sfName="LRangeBar"  sfDataType="double" sfDims="0"  sfDescription="solution variable"  sfDefault="0.0"  sfFpmlTag=""/> 
<sfInput   sfName="MaxCoupon"  sfDataType="double" sfDims="0"  sfDescription="solution variable"  sfDefault="0.0"  sfFpmlTag=""/> 
<sfInput   sfName="MinCoupon"  sfDataType="double" sfDims="0"  sfDescription="solution variable"  sfDefault="0.0"  sfFpmlTag=""/> 
<sfInput   sfName="nCoup"  sfDataType="long" sfDims="0"  sfDescription="solution variable"  sfDefault="10"  sfFpmlTag=""/> 
<sfInput   sfName="nDays0"  sfDataType="long" sfDims="0"  sfDescription="solution variable"  sfDefault="10"  sfFpmlTag=""/> 
<sfInput   sfName="nObs"  sfDataType="long" sfDims="0"  sfDescription="solution variable"  sfDefault="10"  sfFpmlTag=""/> 
<sfInput   sfName="Notional"  sfDataType="double" sfDims="0"  sfDescription="solution variable"  sfDefault="0.0"  sfFpmlTag=""/> 
<sfInput   sfName="nS"  sfDataType="long" sfDims="0"  sfDescription="maximum for iS"  sfDefault="10"  sfFpmlTag=""/> 
<sfInput   sfName="ObsDates"  sfDataType="double" sfDims="1"  sfLBound="1"  sfUBound="nObs"  sfDescription="solution variable"  sfDefault="0.0"  sfFpmlTag=""> <sfAttrib sfName="date" sfValue="1"/> </sfInput>
<sfInput   sfName="pMax"  sfDataType="long" sfDims="0"  sfDescription="maximum for path"  sfDefault="10"  sfFpmlTag=""/> 
<sfInput   sfName="q"  sfDataType="double" sfDims="1"  sfLBound="1"  sfUBound="nS"  sfDescription="solution variable"  sfDefault="0.0"  sfFpmlTag=""/> 
<sfInput   sfName="r"  sfDataType="double" sfDims="0"  sfDescription="discount rate"  sfDefault="0.0"  sfFpmlTag=""/> 
<sfInput   sfName="RefPerf"  sfDataType="double" sfDims="0"  sfDescription="solution variable"  sfDefault="0.0"  sfFpmlTag=""/> 
<sfInput   sfName="rho"  sfDataType="double" sfDims="2"  sfLBound="1"  sfUBound="nS"  sfLBound2="1"  sfUBound2="nS"  sfDescription="solution variable"  sfDefault="0.0"  sfFpmlTag=""/> 
<sfInput   sfName="S0"  sfDataType="double" sfDims="1"  sfLBound="1"  sfUBound="nS"  sfDescription="solution variable"  sfDefault="0.0"  sfFpmlTag=""/> 
<sfInput   sfName="Series"  sfDataType="long" sfDims="0"  sfDescription="solution variable"  sfDefault="10"  sfFpmlTag=""/> 
<sfInput   sfName="SettleDate"  sfDataType="double" sfDims="0"  sfDescription="solution variable"  sfDefault="0.0"  sfFpmlTag=""/> 
<sfInput   sfName="sigma"  sfDataType="double" sfDims="1"  sfLBound="1"  sfUBound="nS"  sfDescription="solution variable"  sfDefault="0.0"  sfFpmlTag=""/> 
<sfInput   sfName="SRef"  sfDataType="double" sfDims="1"  sfLBound="1"  sfUBound="nS"  sfDescription="solution variable"  sfDefault="0.0"  sfFpmlTag=""/> 
<sfInput   sfName="Triggered0"  sfDataType="long" sfDims="0"  sfDescription="solution variable"  sfDefault="10"  sfFpmlTag=""/> 
<sfInput   sfName="URangeBar"  sfDataType="double" sfDims="0"  sfDescription="solution variable"  sfDefault="0.0"  sfFpmlTag=""/> 
<sfOutput   sfName="Vx"  sfDataType="double" sfDims="0"  sfDescription="discounted value"  sfFpmlTag=""/> 
<sfColumnGroup  sfName="XCouponDates"  sfDescription="solution variable"  sfLBound="1"  sfUBound="nCoup"  sfFpmlTag="r:steps">  <sfColumn sfName="CouponDates"/> </sfColumnGroup> 
<sfColumnGroup  sfName="XObsDates"  sfDescription="solution variable"  sfLBound="1"  sfUBound="nObs"  sfFpmlTag="r:steps">  <sfColumn sfName="ObsDates"/> </sfColumnGroup> 
<sfColumnGroup  sfName="XStocks"  sfDescription="solution variable, solution variable, solution variable and solution variable"  sfLBound="1"  sfUBound="nS"  sfFpmlTag="r:steps">  <sfColumn sfName="S0"/>  <sfColumn sfName="SRef"/>  <sfColumn sfName="q"/>  <sfColumn sfName="sigma"/> </sfColumnGroup> 
 
 <sfInstallation  sfCompanyName="SciComp Inc" sfUserName="\:c601\:c5c5" />
</sfFunction> 