<?xml version="1.0" standalone="yes"?>
<sfFunction sfName="corridor3" sfHeaderFile="corridor3.h" sfCFile="corridor3.cpp" sfInstrument=" Discontinuous Double Barrier (corridor) put/call " >
<sfAttrib sfName="sfCodeModel" sfValue="SciArray"/>
<sfXlpGen> 
<xlpStyleSheet> scixl.xsl</xlpStyleSheet> 
<xlpXmlFile> corridor3-xlpgen.xml</xlpXmlFile> 
<xlpProjectSrcDir> project-files</xlpProjectSrcDir> 
<xlpProjectDestDir> . </xlpProjectDestDir> 
<xlpAddinCppFile> corridor3xl.cpp</xlpAddinCppFile> 
<xlpAddinHFile> corridor3xl.h</xlpAddinHFile> 
<xlpXlsFile xlpTarget="corridor3-demo.xls" />  
</sfXlpGen> 
<sfInput   sfName="Accuracy"  sfDataType="double" sfDims="0"  sfDescription="solution variable"  sfDefault="0.0"  sfFpmlTag=""/> 
<sfInput   sfName="asset"  sfDataType="long" sfDims="0"  sfDescription="solution variable"  sfDefault="10"  sfFpmlTag=""/> 
<sfInput   sfName="D0"  sfDataType="double" sfDims="0"  sfDescription="continuous dividend yield"  sfDefault="0.0"  sfFpmlTag=""/> 
<sfInput   sfName="iMax"  sfDataType="long" sfDims="0"  sfDescription="number of grid cells for xi"  sfDefault="-999"  sfFpmlTag=""/> 
<sfInput   sfName="K"  sfDataType="double" sfDims="0"  sfDescription="solution variable"  sfDefault="0.0"  sfFpmlTag=""/> 
<sfInput   sfName="LBDates"  sfDataType="double" sfDims="1"  sfLBound="0"  sfUBound="nLB"  sfDescription="solution variable"  sfDefault="0.0"  sfFpmlTag=""> <sfAttrib sfName="date" sfValue="1"/> </sfInput>
<sfInput   sfName="LBLevels"  sfDataType="double" sfDims="1"  sfLBound="0"  sfUBound="nLB"  sfDescription="solution variable"  sfDefault="0.0"  sfFpmlTag=""/> 
<sfInput   sfName="nLB"  sfDataType="long" sfDims="0"  sfDescription="solution variable"  sfDefault="10"  sfFpmlTag=""/> 
<sfInput   sfName="nMax"  sfDataType="long" sfDims="0"  sfDescription="number of grid cells for tau"  sfDefault="-999"  sfFpmlTag=""/> 
<sfInput   sfName="nUB"  sfDataType="long" sfDims="0"  sfDescription="solution variable"  sfDefault="10"  sfFpmlTag=""/> 
<sfInput   sfName="put"  sfDataType="boolean" sfDims="0"  sfDescription="solution variable"  sfDefault="10"  sfFpmlTag=""/> 
<sfInput   sfName="r"  sfDataType="double" sfDims="0"  sfDescription="interest rate"  sfDefault="0.0"  sfFpmlTag=""/> 
<sfInput   sfName="Spot"  sfDataType="double" sfDims="0"  sfDescription="solution variable"  sfDefault="0.0"  sfFpmlTag=""/> 
<sfInput   sfName="TMax"  sfDataType="double" sfDims="0"  sfDescription="minimum physical value in dimension tau"  sfDefault="0.0"  sfFpmlTag=""> <sfAttrib sfName="date" sfValue="1"/> </sfInput>
<sfInput   sfName="UBDates"  sfDataType="double" sfDims="1"  sfLBound="0"  sfUBound="nUB"  sfDescription="solution variable"  sfDefault="0.0"  sfFpmlTag=""> <sfAttrib sfName="date" sfValue="1"/> </sfInput>
<sfInput   sfName="UBLevels"  sfDataType="double" sfDims="1"  sfLBound="0"  sfUBound="nUB"  sfDescription="solution variable"  sfDefault="0.0"  sfFpmlTag=""/> 
<sfOutput   sfName="atSpotx"  sfDataType="double" sfDims="0"  sfDescription="solution variable"  sfFpmlTag=""/> 
<sfColumnGroup  sfName="XLBDates"  sfDescription="solution variable"  sfLBound="0"  sfUBound="nLB"  sfFpmlTag="r:steps">  <sfColumn sfName="LBDates"/> </sfColumnGroup> 
<sfColumnGroup  sfName="XLBLevels"  sfDescription="solution variable"  sfLBound="0"  sfUBound="nLB"  sfFpmlTag="r:steps">  <sfColumn sfName="LBLevels"/> </sfColumnGroup> 
<sfColumnGroup  sfName="XUBDates"  sfDescription="solution variable"  sfLBound="0"  sfUBound="nUB"  sfFpmlTag="r:steps">  <sfColumn sfName="UBDates"/> </sfColumnGroup> 
<sfColumnGroup  sfName="XUBLevels"  sfDescription="solution variable"  sfLBound="0"  sfUBound="nUB"  sfFpmlTag="r:steps">  <sfColumn sfName="UBLevels"/> </sfColumnGroup> 
 
 <sfInstallation  sfCompanyName="SciComp Inc" sfUserName="\:c601\:c5c5" />
</sfFunction> 