<files>
<file name="corridor3.cpp" description="C++ code for model" type="1"/>
<file name="corridor3.h" description="Header file for model" type="2"/>
<file name="corridor3.log" description="Log file for model synthesis" type="6"/>
<file name="corridor3Main.cpp" description="(Main) C++ code for model" type="1"/>
<file name="corridor3.sln" description="Project file for command line test harness" type="4"/>
<file name="corridor3.vcxproj" description="Project file for command line test harness" type="4"/>
<file name="corridor3.xml" description="XML file describing model" type="5"/>
<file name="ddb.dat" description="Test data for model" type="3"/>
</files>
