<?xml version="1.0" standalone="yes"?>
<sfFunction sfName="mcDigital2LFD" sfHeaderFile="mcDigital2LFD.h" sfCFile="mcDigital2LFD.cpp" sfInstrument="mcDigital2LFD option" >
<sfAttrib sfName="sfCodeModel" sfValue="SciArray"/>
<sfXlpGen> 
<xlpStyleSheet> scixl.xsl</xlpStyleSheet> 
<xlpXmlFile> mcDigital2LFD-xlpgen.xml</xlpXmlFile> 
<xlpProjectSrcDir> project-files</xlpProjectSrcDir> 
<xlpProjectDestDir> . </xlpProjectDestDir> 
<xlpAddinCppFile> mcDigital2LFDxl.cpp</xlpAddinCppFile> 
<xlpAddinHFile> mcDigital2LFDxl.h</xlpAddinHFile> 
<xlpXlsFile xlpTarget="mcDigital2LFD-demo.xls" />  
</sfXlpGen> 
<sfInput   sfName="epsilon"  sfDataType="double" sfDims="0"  sfDescription="solution variable"  sfDefault="0.0"  sfFpmlTag=""/> 
<sfInput   sfName="K"  sfDataType="double" sfDims="0"  sfDescription="solution variable"  sfDefault="0.0"  sfFpmlTag=""/> 
<sfInput   sfName="pMax"  sfDataType="long" sfDims="0"  sfDescription="maximum for path"  sfDefault="10"  sfFpmlTag=""/> 
<sfInput   sfName="q"  sfDataType="double" sfDims="0"  sfDescription="solution variable"  sfDefault="0.0"  sfFpmlTag=""/> 
<sfInput   sfName="r"  sfDataType="double" sfDims="0"  sfDescription="discount rate"  sfDefault="0.0"  sfFpmlTag=""/> 
<sfInput   sfName="Seed"  sfDataType="long" sfDims="0"  sfDescription="solution variable"  sfDefault="10"  sfFpmlTag=""/> 
<sfInput   sfName="sigma"  sfDataType="double" sfDims="0"  sfDescription="solution variable"  sfDefault="0.0"  sfFpmlTag=""/> 
<sfInput   sfName="Spot"  sfDataType="double" sfDims="0"  sfDescription="solution variable"  sfDefault="0.0"  sfFpmlTag=""/> 
<sfInput   sfName="TMax"  sfDataType="double" sfDims="0"  sfDescription="maximum time"  sfDefault="0.0"  sfFpmlTag=""> <sfAttrib sfName="date" sfValue="1"/> </sfInput>
<sfOutput   sfName="Deltax"  sfDataType="double" sfDims="0"  sfDescription="solution variable"  sfFpmlTag=""/> 
<sfOutput   sfName="devx"  sfDataType="double" sfDims="0"  sfDescription="standard deviation error estimate"  sfFpmlTag=""/> 
<sfOutput   sfName="EDeltax"  sfDataType="double" sfDims="0"  sfDescription="standard deviation error estimate"  sfFpmlTag=""/> 
<sfOutput   sfName="EGammax"  sfDataType="double" sfDims="0"  sfDescription="standard deviation error estimate"  sfFpmlTag=""/> 
<sfOutput   sfName="ERhox"  sfDataType="double" sfDims="0"  sfDescription="standard deviation error estimate"  sfFpmlTag=""/> 
<sfOutput   sfName="ERhoQx"  sfDataType="double" sfDims="0"  sfDescription="standard deviation error estimate"  sfFpmlTag=""/> 
<sfOutput   sfName="EThetax"  sfDataType="double" sfDims="0"  sfDescription="standard deviation error estimate"  sfFpmlTag=""/> 
<sfOutput   sfName="EVannax"  sfDataType="double" sfDims="0"  sfDescription="standard deviation error estimate"  sfFpmlTag=""/> 
<sfOutput   sfName="EVegax"  sfDataType="double" sfDims="0"  sfDescription="standard deviation error estimate"  sfFpmlTag=""/> 
<sfOutput   sfName="EVolgax"  sfDataType="double" sfDims="0"  sfDescription="standard deviation error estimate"  sfFpmlTag=""/> 
<sfOutput   sfName="Gammax"  sfDataType="double" sfDims="0"  sfDescription="solution variable"  sfFpmlTag=""/> 
<sfOutput   sfName="Rhox"  sfDataType="double" sfDims="0"  sfDescription="solution variable"  sfFpmlTag=""/> 
<sfOutput   sfName="RhoQx"  sfDataType="double" sfDims="0"  sfDescription="solution variable"  sfFpmlTag=""/> 
<sfOutput   sfName="Thetax"  sfDataType="double" sfDims="0"  sfDescription="solution variable"  sfFpmlTag=""/> 
<sfOutput   sfName="Vx"  sfDataType="double" sfDims="0"  sfDescription="discounted value"  sfFpmlTag=""/> 
<sfOutput   sfName="Vannax"  sfDataType="double" sfDims="0"  sfDescription="solution variable"  sfFpmlTag=""/> 
<sfOutput   sfName="Vegax"  sfDataType="double" sfDims="0"  sfDescription="solution variable"  sfFpmlTag=""/> 
<sfOutput   sfName="Volgax"  sfDataType="double" sfDims="0"  sfDescription="solution variable"  sfFpmlTag=""/> 
 
 <sfInstallation  sfCompanyName="SciComp Inc" sfUserName="\:c601\:c5c5" />
</sfFunction> 