<files>
<file name="init.dat" description="Test data for model" type="3"/>
<file name="mcDigital2LFD.cpp" description="C++ code for model" type="1"/>
<file name="mcDigital2LFD.h" description="Header file for model" type="2"/>
<file name="mcDigital2LFD.log" description="Log file for model synthesis" type="6"/>
<file name="mcDigital2LFDMain.cpp" description="(Main) C++ code for model" type="1"/>
<file name="mcDigital2LFD.sln" description="Project file for command line test harness" type="4"/>
<file name="mcDigital2LFD.vcxproj" description="Project file for command line test harness" type="4"/>
<file name="mcDigital2LFD.xml" description="XML file describing model" type="5"/>
</files>
