<?xml version="1.0" standalone="yes"?>
<sfFunction sfName="mcCSO8" sfHeaderFile="mcCSO8.h" sfCFile="mcCSO8.cpp" sfInstrument=" Collaterized Synthetic Debt Obligation with a residual tranche, factor copula and CDS term structure " >
<sfAttrib sfName="sfCodeModel" sfValue="SciArray"/>
<sfXlpGen> 
<xlpStyleSheet> scixl.xsl</xlpStyleSheet> 
<xlpXmlFile> mcCSO8-xlpgen.xml</xlpXmlFile> 
<xlpProjectSrcDir> project-files</xlpProjectSrcDir> 
<xlpProjectDestDir> . </xlpProjectDestDir> 
<xlpAddinCppFile> mcCSO8xl.cpp</xlpAddinCppFile> 
<xlpAddinHFile> mcCSO8xl.h</xlpAddinHFile> 
<xlpXlsFile xlpTarget="mcCSO8-demo.xls" />  
</sfXlpGen> 
<sfInput   sfName="alpha"  sfDataType="double" sfDims="0"  sfDescription="solution variable"  sfDefault="0.0"  sfFpmlTag=""/> 
<sfInput   sfName="CdsBump"  sfDataType="double" sfDims="0"  sfDescription="solution variable"  sfDefault="0.0"  sfFpmlTag=""/> 
<sfInput   sfName="CdsCurve"  sfDataType="double" sfDims="2"  sfLBound="1"  sfUBound="nD"  sfLBound2="1"  sfUBound2="ncds"  sfDescription="solution variable"  sfDefault="0.0"  sfFpmlTag=""/> 
<sfInput   sfName="CdsInit"  sfDataType="double" sfDims="0"  sfDescription="solution variable"  sfDefault="0.0"  sfFpmlTag=""/> 
<sfInput   sfName="CdsInterval"  sfDataType="double" sfDims="0"  sfDescription="solution variable"  sfDefault="0.0"  sfFpmlTag=""/> 
<sfInput   sfName="CdsTCurve"  sfDataType="double" sfDims="1"  sfLBound="1"  sfUBound="ncds"  sfDescription="solution variable"  sfDefault="0.0"  sfFpmlTag=""/> 
<sfInput   sfName="CopR"  sfDataType="double" sfDims="2"  sfLBound="1"  sfUBound="nD"  sfLBound2="1"  sfUBound2="nD"  sfDescription="solution variable"  sfDefault="0.0"  sfFpmlTag=""/> 
<sfInput   sfName="Coup"  sfDataType="double" sfDims="1"  sfLBound="1"  sfUBound="4"  sfDescription="solution variable"  sfDefault="0.0"  sfFpmlTag=""/> 
<sfInput   sfName="Coupon"  sfDataType="double" sfDims="1"  sfLBound="1"  sfUBound="nD"  sfDescription="solution variable"  sfDefault="0.0"  sfFpmlTag=""/> 
<sfInput   sfName="hDswitch"  sfDataType="boolean" sfDims="1"  sfLBound="1"  sfUBound="nD"  sfDescription="solution variable"  sfDefault="10"  sfFpmlTag=""/> 
<sfInput   sfName="leap"  sfDataType="long" sfDims="0"  sfDescription="solution variable"  sfDefault="10"  sfFpmlTag=""/> 
<sfInput   sfName="Load"  sfDataType="double" sfDims="1"  sfLBound="1"  sfUBound="4"  sfDescription="solution variable"  sfDefault="0.0"  sfFpmlTag=""/> 
<sfInput   sfName="nC"  sfDataType="long" sfDims="0"  sfDescription="solution variable"  sfDefault="10"  sfFpmlTag=""/> 
<sfInput   sfName="ncds"  sfDataType="long" sfDims="0"  sfDescription="solution variable"  sfDefault="10"  sfFpmlTag=""/> 
<sfInput   sfName="nD"  sfDataType="long" sfDims="0"  sfDescription="maximum for icov"  sfDefault="10"  sfFpmlTag=""/> 
<sfInput   sfName="Notional"  sfDataType="double" sfDims="1"  sfLBound="1"  sfUBound="nD"  sfDescription="solution variable"  sfDefault="0.0"  sfFpmlTag=""/> 
<sfInput   sfName="nZ"  sfDataType="long" sfDims="0"  sfDescription="solution variable"  sfDefault="10"  sfFpmlTag=""/> 
<sfInput   sfName="pMax"  sfDataType="long" sfDims="0"  sfDescription="maximum for path"  sfDefault="10"  sfFpmlTag=""/> 
<sfInput   sfName="Recovery"  sfDataType="double" sfDims="1"  sfLBound="1"  sfUBound="nD"  sfDescription="solution variable"  sfDefault="0.0"  sfFpmlTag=""/> 
<sfInput   sfName="sskip"  sfDataType="long" sfDims="0"  sfDescription="solution variable"  sfDefault="10"  sfFpmlTag=""/> 
<sfInput   sfName="tC"  sfDataType="double" sfDims="1"  sfLBound="1"  sfUBound="nC"  sfDescription="solution variable"  sfDefault="0.0"  sfFpmlTag=""> <sfAttrib sfName="date" sfValue="1"/> </sfInput>
<sfInput   sfName="TCurve"  sfDataType="double" sfDims="1"  sfLBound="1"  sfUBound="nZ"  sfDescription="solution variable"  sfDefault="0.0"  sfFpmlTag=""/> 
<sfInput   sfName="ZCurve"  sfDataType="double" sfDims="1"  sfLBound="1"  sfUBound="nZ"  sfDescription="solution variable"  sfDefault="0.0"  sfFpmlTag=""/> 
<sfOutput   sfName="DefaultedDefaultedMcCovx"  sfDataType="double" sfDims="2"  sfLBound="1"  sfUBound="nD"  sfLBound2="1"  sfUBound2="nD"  sfDescription="McCov value for Defaulted and  Defaulted"  sfFpmlTag=""/> 
<sfOutput   sfName="DefaultedMcAvex"  sfDataType="double" sfDims="1"  sfLBound="1"  sfUBound="nD"  sfDescription="McAve value for Defaulted"  sfFpmlTag=""/> 
<sfOutput   sfName="DefaultedMcStdx"  sfDataType="double" sfDims="1"  sfLBound="1"  sfUBound="nD"  sfDescription="McStd value for Defaulted"  sfFpmlTag=""/> 
<sfOutput   sfName="hDeltax"  sfDataType="double" sfDims="1"  sfLBound="1"  sfUBound="nD"  sfDescription="solution variable"  sfFpmlTag=""/> 
<sfOutput   sfName="Notex"  sfDataType="double" sfDims="1"  sfLBound="1"  sfUBound="4"  sfDescription="discounted value"  sfFpmlTag=""/> 
<sfColumnGroup  sfName="XCdsTCurve"  sfDescription="solution variable"  sfLBound="1"  sfUBound="ncds"  sfFpmlTag="r:steps">  <sfColumn sfName="CdsTCurve"/> </sfColumnGroup> 
<sfColumnGroup  sfName="XCoup"  sfDescription="solution variable"  sfLBound="1"  sfUBound="4"  sfFpmlTag="r:steps">  <sfColumn sfName="Coup"/> </sfColumnGroup> 
<sfColumnGroup  sfName="XCoupon"  sfDescription="solution variable"  sfLBound="1"  sfUBound="nD"  sfFpmlTag="r:steps">  <sfColumn sfName="Coupon"/> </sfColumnGroup> 
<sfColumnGroup  sfName="XhDswitch"  sfDescription="solution variable"  sfLBound="1"  sfUBound="nD"  sfFpmlTag="r:steps">  <sfColumn sfName="hDswitch"/> </sfColumnGroup> 
<sfColumnGroup  sfName="XLoad"  sfDescription="solution variable"  sfLBound="1"  sfUBound="4"  sfFpmlTag="r:steps">  <sfColumn sfName="Load"/> </sfColumnGroup> 
<sfColumnGroup  sfName="XNotional"  sfDescription="solution variable"  sfLBound="1"  sfUBound="nD"  sfFpmlTag="r:steps">  <sfColumn sfName="Notional"/> </sfColumnGroup> 
<sfColumnGroup  sfName="XRecovery"  sfDescription="solution variable"  sfLBound="1"  sfUBound="nD"  sfFpmlTag="r:steps">  <sfColumn sfName="Recovery"/> </sfColumnGroup> 
<sfColumnGroup  sfName="XtCoup"  sfDescription="solution variable"  sfLBound="1"  sfUBound="nC"  sfFpmlTag="r:steps">  <sfColumn sfName="tC"/> </sfColumnGroup> 
<sfColumnGroup  sfName="XZCurve"  sfDescription="solution variable and solution variable"  sfLBound="1"  sfUBound="nZ"  sfFpmlTag="r:steps">  <sfColumn sfName="ZCurve"/>  <sfColumn sfName="TCurve"/> </sfColumnGroup> 
 
 <sfInstallation  sfCompanyName="SciComp Inc" sfUserName="\:c601\:c5c5" />
</sfFunction> 