<files>
<file name="init.dat" description="Test data for model" type="3"/>
<file name="mcCSO8.cpp" description="C++ code for model" type="1"/>
<file name="mcCSO8.h" description="Header file for model" type="2"/>
<file name="mcCSO8.log" description="Log file for model synthesis" type="6"/>
<file name="mcCSO8Main.cpp" description="(Main) C++ code for model" type="1"/>
<file name="mcCSO8.sln" description="Project file for command line test harness" type="4"/>
<file name="mcCSO8.vcxproj" description="Project file for command line test harness" type="4"/>
<file name="mcCSO8.xml" description="XML file describing model" type="5"/>
</files>
