<?xml version="1.0" standalone="yes"?>
<sfFunction sfName="mcFXCrossBarrier1" sfHeaderFile="mcFXCrossBarrier1.h" sfCFile="mcFXCrossBarrier1.cpp" sfInstrument="mcFXCrossBarrier1 option" >
<sfAttrib sfName="sfCodeModel" sfValue="SciArray"/>
<sfXlpGen> 
<xlpStyleSheet> scixl.xsl</xlpStyleSheet> 
<xlpXmlFile> mcFXCrossBarrier1-xlpgen.xml</xlpXmlFile> 
<xlpProjectSrcDir> project-files</xlpProjectSrcDir> 
<xlpProjectDestDir> . </xlpProjectDestDir> 
<xlpAddinCppFile> mcFXCrossBarrier1xl.cpp</xlpAddinCppFile> 
<xlpAddinHFile> mcFXCrossBarrier1xl.h</xlpAddinHFile> 
<xlpXlsFile xlpTarget="mcFXCrossBarrier1-demo.xls" />  
</sfXlpGen> 
<sfInput   sfName="B"  sfDataType="double" sfDims="0"  sfDescription="solution variable"  sfDefault="0.0"  sfFpmlTag=""/> 
<sfInput   sfName="calcGreeks"  sfDataType="boolean" sfDims="0"  sfDescription="solution variable"  sfDefault="10"  sfFpmlTag=""/> 
<sfInput   sfName="call"  sfDataType="boolean" sfDims="0"  sfDescription="solution variable"  sfDefault="10"  sfFpmlTag=""/> 
<sfInput   sfName="deferred"  sfDataType="boolean" sfDims="0"  sfDescription="solution variable"  sfDefault="10"  sfFpmlTag=""/> 
<sfOutput   sfName="Delta1x"  sfDataType="double" sfDims="0"  sfDescription="solution variable"  sfFpmlTag=""/> 
<sfOutput   sfName="Delta2x"  sfDataType="double" sfDims="0"  sfDescription="solution variable"  sfFpmlTag=""/> 
<sfInput   sfName="FX10"  sfDataType="double" sfDims="0"  sfDescription="solution variable"  sfDefault="0.0"  sfFpmlTag=""/> 
<sfInput   sfName="FX20"  sfDataType="double" sfDims="0"  sfDescription="solution variable"  sfDefault="0.0"  sfFpmlTag=""/> 
<sfInput   sfName="FXbump"  sfDataType="double" sfDims="0"  sfDescription="solution variable"  sfDefault="0.0"  sfFpmlTag=""/> 
<sfOutput   sfName="Gamma12x"  sfDataType="double" sfDims="0"  sfDescription="solution variable"  sfFpmlTag=""/> 
<sfOutput   sfName="Gamma1x"  sfDataType="double" sfDims="0"  sfDescription="solution variable"  sfFpmlTag=""/> 
<sfOutput   sfName="Gamma2x"  sfDataType="double" sfDims="0"  sfDescription="solution variable"  sfFpmlTag=""/> 
<sfInput   sfName="in"  sfDataType="boolean" sfDims="0"  sfDescription="solution variable"  sfDefault="10"  sfFpmlTag=""/> 
<sfInput   sfName="K"  sfDataType="double" sfDims="0"  sfDescription="solution variable"  sfDefault="0.0"  sfFpmlTag=""/> 
<sfInput   sfName="kapparD"  sfDataType="double" sfDims="0"  sfDescription="solution variable"  sfDefault="0.0"  sfFpmlTag=""/> 
<sfInput   sfName="kapparF1"  sfDataType="double" sfDims="0"  sfDescription="solution variable"  sfDefault="0.0"  sfFpmlTag=""/> 
<sfInput   sfName="kapparF2"  sfDataType="double" sfDims="0"  sfDescription="solution variable"  sfDefault="0.0"  sfFpmlTag=""/> 
<sfInput   sfName="nMax"  sfDataType="long" sfDims="0"  sfDescription="number of grid cells for t"  sfDefault="10"  sfFpmlTag=""/> 
<sfInput   sfName="nSD"  sfDataType="long" sfDims="0"  sfDescription="solution variable"  sfDefault="10"  sfFpmlTag=""/> 
<sfInput   sfName="nvP1"  sfDataType="long" sfDims="0"  sfDescription="solution variable"  sfDefault="10"  sfFpmlTag=""/> 
<sfInput   sfName="nvP2"  sfDataType="long" sfDims="0"  sfDescription="solution variable"  sfDefault="10"  sfFpmlTag=""/> 
<sfInput   sfName="nZCD"  sfDataType="long" sfDims="0"  sfDescription="solution variable"  sfDefault="10"  sfFpmlTag=""/> 
<sfInput   sfName="nZCF1"  sfDataType="long" sfDims="0"  sfDescription="solution variable"  sfDefault="10"  sfFpmlTag=""/> 
<sfInput   sfName="nZCF2"  sfDataType="long" sfDims="0"  sfDescription="solution variable"  sfDefault="10"  sfFpmlTag=""/> 
<sfInput   sfName="pMax"  sfDataType="long" sfDims="0"  sfDescription="maximum for path"  sfDefault="10"  sfFpmlTag=""/> 
<sfInput   sfName="Rebate"  sfDataType="double" sfDims="0"  sfDescription="solution variable"  sfDefault="0.0"  sfFpmlTag=""/> 
<sfInput   sfName="Rhorr"  sfDataType="double" sfDims="2"  sfLBound="1"  sfUBound="3"  sfLBound2="1"  sfUBound2="3"  sfDescription="solution variable"  sfDefault="0.0"  sfFpmlTag=""/> 
<sfInput   sfName="RhoXr"  sfDataType="double" sfDims="2"  sfLBound="1"  sfUBound="2"  sfLBound2="1"  sfUBound2="3"  sfDescription="solution variable"  sfDefault="0.0"  sfFpmlTag=""/> 
<sfInput   sfName="RhoXX"  sfDataType="double" sfDims="2"  sfLBound="1"  sfUBound="2"  sfLBound2="1"  sfUBound2="2"  sfDescription="solution variable"  sfDefault="0.0"  sfFpmlTag=""/> 
<sfInput   sfName="Series"  sfDataType="long" sfDims="0"  sfDescription="solution variable"  sfDefault="10"  sfFpmlTag=""/> 
<sfInput   sfName="sigmarD"  sfDataType="double" sfDims="0"  sfDescription="solution variable"  sfDefault="0.0"  sfFpmlTag=""/> 
<sfInput   sfName="sigmarF1"  sfDataType="double" sfDims="0"  sfDescription="solution variable"  sfDefault="0.0"  sfFpmlTag=""/> 
<sfInput   sfName="sigmarF2"  sfDataType="double" sfDims="0"  sfDescription="solution variable"  sfDefault="0.0"  sfFpmlTag=""/> 
<sfInput   sfName="TMax"  sfDataType="double" sfDims="0"  sfDescription="maximum time"  sfDefault="0.0"  sfFpmlTag=""> <sfAttrib sfName="date" sfValue="1"/> </sfInput>
<sfInput   sfName="up"  sfDataType="boolean" sfDims="0"  sfDescription="solution variable"  sfDefault="10"  sfFpmlTag=""/> 
<sfInput   sfName="volParams1"  sfDataType="double" sfDims="1"  sfLBound="1"  sfUBound="nvP1"  sfDescription="solution variable"  sfDefault="0.0"  sfFpmlTag=""/> 
<sfInput   sfName="volParams2"  sfDataType="double" sfDims="1"  sfLBound="1"  sfUBound="nvP2"  sfDescription="solution variable"  sfDefault="0.0"  sfFpmlTag=""/> 
<sfInput   sfName="ZeroDatesD"  sfDataType="double" sfDims="1"  sfLBound="0"  sfUBound="nZCD"  sfDescription="solution variable"  sfDefault="0.0"  sfFpmlTag=""> <sfAttrib sfName="date" sfValue="1"/> </sfInput>
<sfInput   sfName="ZeroDatesF1"  sfDataType="double" sfDims="1"  sfLBound="0"  sfUBound="nZCF1"  sfDescription="solution variable"  sfDefault="0.0"  sfFpmlTag=""> <sfAttrib sfName="date" sfValue="1"/> </sfInput>
<sfInput   sfName="ZeroDatesF2"  sfDataType="double" sfDims="1"  sfLBound="0"  sfUBound="nZCF2"  sfDescription="solution variable"  sfDefault="0.0"  sfFpmlTag=""> <sfAttrib sfName="date" sfValue="1"/> </sfInput>
<sfInput   sfName="ZeroRatesD"  sfDataType="double" sfDims="1"  sfLBound="0"  sfUBound="nZCD"  sfDescription="solution variable"  sfDefault="0.0"  sfFpmlTag=""/> 
<sfInput   sfName="ZeroRatesF1"  sfDataType="double" sfDims="1"  sfLBound="0"  sfUBound="nZCF1"  sfDescription="solution variable"  sfDefault="0.0"  sfFpmlTag=""/> 
<sfInput   sfName="ZeroRatesF2"  sfDataType="double" sfDims="1"  sfLBound="0"  sfUBound="nZCF2"  sfDescription="solution variable"  sfDefault="0.0"  sfFpmlTag=""/> 
<sfOutput   sfName="Vx"  sfDataType="double" sfDims="0"  sfDescription="discounted value"  sfFpmlTag=""/> 
<sfColumnGroup  sfName="XvolParams1"  sfDescription="solution variable"  sfLBound="1"  sfUBound="nvP1"  sfFpmlTag="r:steps">  <sfColumn sfName="volParams1"/> </sfColumnGroup> 
<sfColumnGroup  sfName="XvolParams2"  sfDescription="solution variable"  sfLBound="1"  sfUBound="nvP2"  sfFpmlTag="r:steps">  <sfColumn sfName="volParams2"/> </sfColumnGroup> 
<sfColumnGroup  sfName="XZCurveD"  sfDescription="solution variable and solution variable"  sfLBound="0"  sfUBound="nZCD"  sfFpmlTag="r:steps">  <sfColumn sfName="ZeroDatesD"/>  <sfColumn sfName="ZeroRatesD"/> </sfColumnGroup> 
<sfColumnGroup  sfName="XZCurveF1"  sfDescription="solution variable and solution variable"  sfLBound="0"  sfUBound="nZCF1"  sfFpmlTag="r:steps">  <sfColumn sfName="ZeroDatesF1"/>  <sfColumn sfName="ZeroRatesF1"/> </sfColumnGroup> 
<sfColumnGroup  sfName="XZCurveF2"  sfDescription="solution variable and solution variable"  sfLBound="0"  sfUBound="nZCF2"  sfFpmlTag="r:steps">  <sfColumn sfName="ZeroDatesF2"/>  <sfColumn sfName="ZeroRatesF2"/> </sfColumnGroup> 
 
 <sfInstallation  sfCompanyName="SciComp Inc" sfUserName="\:c601\:c5c5" />
</sfFunction> 