<?xml version="1.0" standalone="yes"?>
<sfFunction sfName="mcCallBasketRangeAcc1" sfHeaderFile="mcCallBasketRangeAcc1.h" sfCFile="mcCallBasketRangeAcc1.cpp" sfInstrument=" Bullet-callable basket range accrual structure " >
<sfAttrib sfName="sfCodeModel" sfValue="SciArray"/>
<sfXlpGen> 
<xlpStyleSheet> scixl.xsl</xlpStyleSheet> 
<xlpXmlFile> mcCallBasketRangeAcc1-xlpgen.xml</xlpXmlFile> 
<xlpProjectSrcDir> project-files</xlpProjectSrcDir> 
<xlpProjectDestDir> . </xlpProjectDestDir> 
<xlpAddinCppFile> mcCallBasketRangeAcc1xl.cpp</xlpAddinCppFile> 
<xlpAddinHFile> mcCallBasketRangeAcc1xl.h</xlpAddinHFile> 
<xlpXlsFile xlpTarget="mcCallBasketRangeAcc1-demo.xls" />  
</sfXlpGen> 
<sfInput   sfName="B"  sfDataType="double" sfDims="0"  sfDescription="solution variable"  sfDefault="0.0"  sfFpmlTag=""/> 
<sfInput   sfName="calcGrks"  sfDataType="boolean" sfDims="1"  sfLBound="1"  sfUBound="nD"  sfDescription="solution variable"  sfDefault="10"  sfFpmlTag=""/> 
<sfInput   sfName="CallAmount"  sfDataType="double" sfDims="1"  sfLBound="1"  sfUBound="nObs"  sfDescription="solution variable"  sfDefault="0.0"  sfFpmlTag=""/> 
<sfInput   sfName="ConvFac"  sfDataType="double" sfDims="0"  sfDescription="solution variable"  sfDefault="0.0"  sfFpmlTag=""/> 
<sfInput   sfName="CoupAmount"  sfDataType="double" sfDims="1"  sfLBound="1"  sfUBound="nObs"  sfDescription="solution variable"  sfDefault="0.0"  sfFpmlTag=""/> 
<sfInput   sfName="D0"  sfDataType="double" sfDims="1"  sfLBound="1"  sfUBound="nD"  sfDescription="solution variable"  sfDefault="0.0"  sfFpmlTag=""/> 
<sfInput   sfName="isCallDate"  sfDataType="boolean" sfDims="1"  sfLBound="1"  sfUBound="nObs"  sfDescription="solution variable"  sfDefault="10"  sfFpmlTag=""/> 
<sfInput   sfName="isCoupDate"  sfDataType="long" sfDims="1"  sfLBound="1"  sfUBound="nObs"  sfDescription="solution variable"  sfDefault="10"  sfFpmlTag=""/> 
<sfInput   sfName="L"  sfDataType="double" sfDims="1"  sfLBound="1"  sfUBound="nObs"  sfDescription="solution variable"  sfDefault="0.0"  sfFpmlTag=""/> 
<sfInput   sfName="maxordC"  sfDataType="long" sfDims="0"  sfDescription="solution variable"  sfDefault="10"  sfFpmlTag=""/> 
<sfInput   sfName="maxordS"  sfDataType="long" sfDims="0"  sfDescription="solution variable"  sfDefault="10"  sfFpmlTag=""/> 
<sfInput   sfName="nD"  sfDataType="long" sfDims="0"  sfDescription="maximum for i"  sfDefault="10"  sfFpmlTag=""/> 
<sfInput   sfName="nObs"  sfDataType="long" sfDims="0"  sfDescription="solution variable"  sfDefault="10"  sfFpmlTag=""/> 
<sfInput   sfName="nrTab"  sfDataType="long" sfDims="0"  sfDescription="solution variable"  sfDefault="10"  sfFpmlTag=""/> 
<sfInput   sfName="ObserveDates"  sfDataType="double" sfDims="1"  sfLBound="1"  sfUBound="nObs"  sfDescription="solution variable"  sfDefault="0.0"  sfFpmlTag=""> <sfAttrib sfName="date" sfValue="1"/> </sfInput>
<sfInput   sfName="pMax"  sfDataType="long" sfDims="0"  sfDescription="maximum for path"  sfDefault="10"  sfFpmlTag=""/> 
<sfInput   sfName="rho"  sfDataType="double" sfDims="2"  sfLBound="1"  sfUBound="nD"  sfLBound2="1"  sfUBound2="nD"  sfDescription="solution variable"  sfDefault="0.0"  sfFpmlTag=""/> 
<sfInput   sfName="rTab"  sfDataType="double" sfDims="1"  sfLBound="0"  sfUBound="nrTab"  sfDescription="solution variable"  sfDefault="0.0"  sfFpmlTag=""/> 
<sfInput   sfName="rtTab"  sfDataType="double" sfDims="1"  sfLBound="0"  sfUBound="nrTab"  sfDescription="solution variable"  sfDefault="0.0"  sfFpmlTag=""> <sfAttrib sfName="date" sfValue="1"/> </sfInput>
<sfInput   sfName="Sbump"  sfDataType="double" sfDims="0"  sfDescription="solution variable"  sfDefault="0.0"  sfFpmlTag=""/> 
<sfInput   sfName="SFix"  sfDataType="double" sfDims="1"  sfLBound="1"  sfUBound="nD"  sfDescription="solution variable"  sfDefault="0.0"  sfFpmlTag=""/> 
<sfInput   sfName="sigma"  sfDataType="double" sfDims="1"  sfLBound="1"  sfUBound="nD"  sfDescription="solution variable"  sfDefault="0.0"  sfFpmlTag=""/> 
<sfInput   sfName="Spot"  sfDataType="double" sfDims="1"  sfLBound="1"  sfUBound="nD"  sfDescription="solution variable"  sfDefault="0.0"  sfFpmlTag=""/> 
<sfInput   sfName="sskip"  sfDataType="long" sfDims="0"  sfDescription="solution variable"  sfDefault="10"  sfFpmlTag=""/> 
<sfInput   sfName="TMax"  sfDataType="double" sfDims="0"  sfDescription="maximum time"  sfDefault="0.0"  sfFpmlTag=""> <sfAttrib sfName="date" sfValue="1"/> </sfInput>
<sfInput   sfName="U"  sfDataType="double" sfDims="1"  sfLBound="1"  sfUBound="nObs"  sfDescription="solution variable"  sfDefault="0.0"  sfFpmlTag=""/> 
<sfInput   sfName="Vbump"  sfDataType="double" sfDims="0"  sfDescription="solution variable"  sfDefault="0.0"  sfFpmlTag=""/> 
<sfInput   sfName="worst"  sfDataType="boolean" sfDims="0"  sfDescription="solution variable"  sfDefault="10"  sfFpmlTag=""/> 
<sfOutput   sfName="Deltax"  sfDataType="double" sfDims="1"  sfLBound="1"  sfUBound="nD"  sfDescription="solution variable"  sfFpmlTag=""/> 
<sfOutput   sfName="fracCalledp"  sfDataType="double" sfPointer="1" sfDisplayName="fracCalled" sfDims="0"  sfDescription="solution variable"  sfFpmlTag=""/> 
<sfOutput   sfName="Gammax"  sfDataType="double" sfDims="1"  sfLBound="1"  sfUBound="nD"  sfDescription="solution variable"  sfFpmlTag=""/> 
<sfOutput   sfName="meanTcallp"  sfDataType="double" sfPointer="1" sfDisplayName="meanTcall" sfDims="0"  sfDescription="solution variable"  sfFpmlTag=""/> 
<sfOutput   sfName="stdTcallp"  sfDataType="double" sfPointer="1" sfDisplayName="stdTcall" sfDims="0"  sfDescription="solution variable"  sfFpmlTag=""/> 
<sfOutput   sfName="Vx"  sfDataType="double" sfDims="0"  sfDescription="discounted value"  sfFpmlTag=""/> 
<sfOutput   sfName="Vegax"  sfDataType="double" sfDims="1"  sfLBound="1"  sfUBound="nD"  sfDescription="solution variable"  sfFpmlTag=""/> 
<sfColumnGroup  sfName="Xassets"  sfDescription="solution variable, solution variable, solution variable and solution variable"  sfLBound="1"  sfUBound="nD"  sfFpmlTag="r:steps">  <sfColumn sfName="Spot"/>  <sfColumn sfName="SFix"/>  <sfColumn sfName="D0"/>  <sfColumn sfName="sigma"/> </sfColumnGroup> 
<sfColumnGroup  sfName="XcalcGrks"  sfDescription="solution variable"  sfLBound="1"  sfUBound="nD"  sfFpmlTag="r:steps">  <sfColumn sfName="calcGrks"/> </sfColumnGroup> 
<sfColumnGroup  sfName="XObserveDates"  sfDescription="solution variable, solution variable, solution variable, solution variable, solution variable, solution variable and solution variable"  sfLBound="1"  sfUBound="nObs"  sfFpmlTag="r:steps">  <sfColumn sfName="ObserveDates"/>  <sfColumn sfName="L"/>  <sfColumn sfName="U"/>  <sfColumn sfName="isCoupDate"/>  <sfColumn sfName="CoupAmount"/>  <sfColumn sfName="isCallDate"/>  <sfColumn sfName="CallAmount"/> </sfColumnGroup> 
<sfColumnGroup  sfName="XrTab"  sfDescription="solution variable and solution variable"  sfLBound="0"  sfUBound="nrTab"  sfFpmlTag="r:steps">  <sfColumn sfName="rTab"/>  <sfColumn sfName="rtTab"/> </sfColumnGroup> 
 
 <sfInstallation  sfCompanyName="SciComp Inc" sfUserName="\:c601\:c5c5" />
</sfFunction> 