<?xml version="1.0" standalone="yes"?>
<sfFunction sfName="mcBermBasket1" sfHeaderFile="mcBermBasket1.h" sfCFile="mcBermBasket1.cpp" sfInstrument="mcBermBasket1 option" >
<sfAttrib sfName="sfCodeModel" sfValue="SciArray"/>
<sfXlpGen> 
<xlpStyleSheet> scixl.xsl</xlpStyleSheet> 
<xlpXmlFile> mcBermBasket1-xlpgen.xml</xlpXmlFile> 
<xlpProjectSrcDir> project-files</xlpProjectSrcDir> 
<xlpProjectDestDir> . </xlpProjectDestDir> 
<xlpAddinCppFile> mcBermBasket1xl.cpp</xlpAddinCppFile> 
<xlpAddinHFile> mcBermBasket1xl.h</xlpAddinHFile> 
<xlpXlsFile xlpTarget="mcBermBasket1-demo.xls" />  
</sfXlpGen> 
<sfInput   sfName="D01"  sfDataType="double" sfDims="0"  sfDescription="solution variable"  sfDefault="0.0"  sfFpmlTag=""/> 
<sfInput   sfName="D02"  sfDataType="double" sfDims="0"  sfDescription="solution variable"  sfDefault="0.0"  sfFpmlTag=""/> 
<sfInput   sfName="disc"  sfDataType="double" sfDims="0"  sfDescription="discount rate"  sfDefault="0.0"  sfFpmlTag=""/> 
<sfInput   sfName="K"  sfDataType="double" sfDims="0"  sfDescription="solution variable"  sfDefault="0.0"  sfFpmlTag=""/> 
<sfInput   sfName="loan1"  sfDataType="double" sfDims="0"  sfDescription="solution variable"  sfDefault="0.0"  sfFpmlTag=""/> 
<sfInput   sfName="loan2"  sfDataType="double" sfDims="0"  sfDescription="solution variable"  sfDefault="0.0"  sfFpmlTag=""/> 
<sfInput   sfName="maxord"  sfDataType="long" sfDims="0"  sfDescription="solution variable"  sfDefault="10"  sfFpmlTag=""/> 
<sfInput   sfName="nExer"  sfDataType="long" sfDims="0"  sfDescription="solution variable"  sfDefault="10"  sfFpmlTag=""/> 
<sfInput   sfName="pMax"  sfDataType="long" sfDims="0"  sfDescription="maximum for path"  sfDefault="10"  sfFpmlTag=""/> 
<sfInput   sfName="pMaxI"  sfDataType="long" sfDims="0"  sfDescription="maximum for pathI"  sfDefault="-999"  sfFpmlTag=""/> 
<sfInput   sfName="put"  sfDataType="boolean" sfDims="0"  sfDescription="solution variable"  sfDefault="10"  sfFpmlTag=""/> 
<sfInput   sfName="rho12"  sfDataType="double" sfDims="0"  sfDescription="solution variable"  sfDefault="0.0"  sfFpmlTag=""/> 
<sfInput   sfName="Seed"  sfDataType="long" sfDims="0"  sfDescription="solution variable"  sfDefault="10"  sfFpmlTag=""/> 
<sfInput   sfName="SeedI"  sfDataType="long" sfDims="0"  sfDescription="solution variable"  sfDefault="-999"  sfFpmlTag=""/> 
<sfInput   sfName="sigma1"  sfDataType="double" sfDims="0"  sfDescription="solution variable"  sfDefault="0.0"  sfFpmlTag=""/> 
<sfInput   sfName="sigma2"  sfDataType="double" sfDims="0"  sfDescription="solution variable"  sfDefault="0.0"  sfFpmlTag=""/> 
<sfInput   sfName="Spot1"  sfDataType="double" sfDims="0"  sfDescription="solution variable"  sfDefault="0.0"  sfFpmlTag=""/> 
<sfInput   sfName="Spot1I"  sfDataType="double" sfDims="0"  sfDescription="solution variable"  sfDefault="-999."  sfFpmlTag=""/> 
<sfInput   sfName="Spot2"  sfDataType="double" sfDims="0"  sfDescription="solution variable"  sfDefault="0.0"  sfFpmlTag=""/> 
<sfInput   sfName="Spot2I"  sfDataType="double" sfDims="0"  sfDescription="solution variable"  sfDefault="-999."  sfFpmlTag=""/> 
<sfInput   sfName="TMax"  sfDataType="double" sfDims="0"  sfDescription="maximum time"  sfDefault="0.0"  sfFpmlTag=""> <sfAttrib sfName="date" sfValue="1"/> </sfInput>
<sfInput   sfName="w1"  sfDataType="double" sfDims="0"  sfDescription="solution variable"  sfDefault="0.0"  sfFpmlTag=""/> 
<sfInput   sfName="w2"  sfDataType="double" sfDims="0"  sfDescription="solution variable"  sfDefault="0.0"  sfFpmlTag=""/> 
<sfOutput   sfName="devx"  sfDataType="double" sfDims="0"  sfDescription="standard deviation error estimate"  sfFpmlTag=""/> 
<sfOutput   sfName="Vx"  sfDataType="double" sfDims="0"  sfDescription="discounted value"  sfFpmlTag=""/> 
 
 <sfInstallation  sfCompanyName="SciComp Inc" sfUserName="\:c601\:c5c5" />
</sfFunction> 