<?xml version="1.0" standalone="yes"?>
<sfFunction sfName="mcAveStrike2" sfHeaderFile="mcAveStrike2.h" sfCFile="mcAveStrike2.cpp" sfInstrument="mcAveStrike2 option" >
<sfAttrib sfName="sfCodeModel" sfValue="SciArray"/>
<sfXlpGen> 
<xlpStyleSheet> scixl.xsl</xlpStyleSheet> 
<xlpXmlFile> mcAveStrike2-xlpgen.xml</xlpXmlFile> 
<xlpProjectSrcDir> project-files</xlpProjectSrcDir> 
<xlpProjectDestDir> . </xlpProjectDestDir> 
<xlpAddinCppFile> mcAveStrike2xl.cpp</xlpAddinCppFile> 
<xlpAddinHFile> mcAveStrike2xl.h</xlpAddinHFile> 
<xlpXlsFile xlpTarget="mcAveStrike2-demo.xls" />  
</sfXlpGen> 
<sfInput   sfName="lastA"  sfDataType="double" sfDims="0"  sfDescription="solution variable"  sfDefault="0.0"  sfFpmlTag=""/> 
<sfInput   sfName="nsampSoFar"  sfDataType="long" sfDims="0"  sfDescription="solution variable"  sfDefault="10"  sfFpmlTag=""/> 
<sfInput   sfName="nsampToGo"  sfDataType="long" sfDims="0"  sfDescription="solution variable"  sfDefault="10"  sfFpmlTag=""/> 
<sfInput   sfName="pMax"  sfDataType="long" sfDims="0"  sfDescription="maximum for path"  sfDefault="10"  sfFpmlTag=""/> 
<sfInput   sfName="pMaxI"  sfDataType="long" sfDims="0"  sfDescription="maximum for pathI"  sfDefault="-999"  sfFpmlTag=""/> 
<sfInput   sfName="put"  sfDataType="boolean" sfDims="0"  sfDescription="solution variable"  sfDefault="10"  sfFpmlTag=""/> 
<sfInput   sfName="q"  sfDataType="double" sfDims="0"  sfDescription="solution variable"  sfDefault="0.0"  sfFpmlTag=""/> 
<sfInput   sfName="r"  sfDataType="double" sfDims="0"  sfDescription="discount rate"  sfDefault="0.0"  sfFpmlTag=""/> 
<sfInput   sfName="Series"  sfDataType="long" sfDims="0"  sfDescription="solution variable"  sfDefault="10"  sfFpmlTag=""/> 
<sfInput   sfName="sigma"  sfDataType="double" sfDims="0"  sfDescription="solution variable"  sfDefault="0.0"  sfFpmlTag=""/> 
<sfInput   sfName="Spot"  sfDataType="double" sfDims="0"  sfDescription="solution variable"  sfDefault="0.0"  sfFpmlTag=""/> 
<sfInput   sfName="TMax"  sfDataType="double" sfDims="0"  sfDescription="maximum time"  sfDefault="0.0"  sfFpmlTag=""> <sfAttrib sfName="date" sfValue="1"/> </sfInput>
<sfOutput   sfName="Vx"  sfDataType="double" sfDims="0"  sfDescription="discounted value"  sfFpmlTag=""/> 
 
 <sfInstallation  sfCompanyName="SciComp Inc" sfUserName="\:c601\:c5c5" />
</sfFunction> 