<files>
<file name="init.dat" description="Test data for model" type="3"/>
<file name="mcDiscBarrier2.cpp" description="C++ code for model" type="1"/>
<file name="mcDiscBarrier2.h" description="Header file for model" type="2"/>
<file name="mcDiscBarrier2.log" description="Log file for model synthesis" type="6"/>
<file name="mcDiscBarrier2Main.cpp" description="(Main) C++ code for model" type="1"/>
<file name="mcDiscBarrier2.sln" description="Project file for command line test harness" type="4"/>
<file name="mcDiscBarrier2.vcxproj" description="Project file for command line test harness" type="4"/>
<file name="mcDiscBarrier2.xml" description="XML file describing model" type="5"/>
</files>
