<?xml version="1.0" standalone="yes"?>
<sfFunction sfName="mcCallRangeAccrual1" sfHeaderFile="mcCallRangeAccrual1.h" sfCFile="mcCallRangeAccrual1.cpp" sfInstrument="mcCallRangeAccrual1 option" >
<sfAttrib sfName="sfCodeModel" sfValue="SciArray"/>
<sfXlpGen> 
<xlpStyleSheet> scixl.xsl</xlpStyleSheet> 
<xlpXmlFile> mcCallRangeAccrual1-xlpgen.xml</xlpXmlFile> 
<xlpProjectSrcDir> project-files</xlpProjectSrcDir> 
<xlpProjectDestDir> . </xlpProjectDestDir> 
<xlpAddinCppFile> mcCallRangeAccrual1xl.cpp</xlpAddinCppFile> 
<xlpAddinHFile> mcCallRangeAccrual1xl.h</xlpAddinHFile> 
<xlpXlsFile xlpTarget="mcCallRangeAccrual1-demo.xls" />  
</sfXlpGen> 
<sfInput   sfName="A"  sfDataType="double" sfDims="0"  sfDescription="solution variable"  sfDefault="0.0"  sfFpmlTag=""/> 
<sfInput   sfName="CallPrice"  sfDataType="double" sfDims="1"  sfLBound="1"  sfUBound="nCall"  sfDescription="solution variable"  sfDefault="0.0"  sfFpmlTag=""/> 
<sfOutput   sfName="Deltax"  sfDataType="double" sfDims="0"  sfDescription="solution variable"  sfFpmlTag=""/> 
<sfInput   sfName="epsilon"  sfDataType="double" sfDims="0"  sfDescription="solution variable"  sfDefault="0.0"  sfFpmlTag=""/> 
<sfOutput   sfName="Gammax"  sfDataType="double" sfDims="0"  sfDescription="solution variable"  sfFpmlTag=""/> 
<sfInput   sfName="L"  sfDataType="double" sfDims="0"  sfDescription="solution variable"  sfDefault="0.0"  sfFpmlTag=""/> 
<sfInput   sfName="maxord"  sfDataType="long" sfDims="0"  sfDescription="solution variable"  sfDefault="10"  sfFpmlTag=""/> 
<sfInput   sfName="MSpot"  sfDataType="double" sfDims="0"  sfDescription="solution variable"  sfDefault="0.0"  sfFpmlTag=""/> 
<sfInput   sfName="nCall"  sfDataType="long" sfDims="0"  sfDescription="solution variable"  sfDefault="10"  sfFpmlTag=""/> 
<sfInput   sfName="nRange"  sfDataType="long" sfDims="0"  sfDescription="solution variable"  sfDefault="10"  sfFpmlTag=""/> 
<sfInput   sfName="pMax"  sfDataType="long" sfDims="0"  sfDescription="maximum for path"  sfDefault="10"  sfFpmlTag=""/> 
<sfInput   sfName="pMaxI"  sfDataType="long" sfDims="0"  sfDescription="maximum for pathI"  sfDefault="-999"  sfFpmlTag=""/> 
<sfInput   sfName="q"  sfDataType="double" sfDims="0"  sfDescription="solution variable"  sfDefault="0.0"  sfFpmlTag=""/> 
<sfInput   sfName="r"  sfDataType="double" sfDims="0"  sfDescription="discount rate"  sfDefault="0.0"  sfFpmlTag=""/> 
<sfInput   sfName="Series"  sfDataType="long" sfDims="0"  sfDescription="solution variable"  sfDefault="10"  sfFpmlTag=""/> 
<sfInput   sfName="sigma"  sfDataType="double" sfDims="0"  sfDescription="solution variable"  sfDefault="0.0"  sfFpmlTag=""/> 
<sfInput   sfName="Spot"  sfDataType="double" sfDims="0"  sfDescription="solution variable"  sfDefault="0.0"  sfFpmlTag=""/> 
<sfInput   sfName="SpotI"  sfDataType="double" sfDims="0"  sfDescription="solution variable"  sfDefault="-999."  sfFpmlTag=""/> 
<sfInput   sfName="tCall"  sfDataType="double" sfDims="1"  sfLBound="1"  sfUBound="nCall"  sfDescription="solution variable"  sfDefault="0.0"  sfFpmlTag=""> <sfAttrib sfName="date" sfValue="1"/> </sfInput>
<sfInput   sfName="TMax"  sfDataType="double" sfDims="0"  sfDescription="maximum time"  sfDefault="0.0"  sfFpmlTag=""> <sfAttrib sfName="date" sfValue="1"/> </sfInput>
<sfInput   sfName="tRange"  sfDataType="double" sfDims="1"  sfLBound="1"  sfUBound="nRange"  sfDescription="solution variable"  sfDefault="0.0"  sfFpmlTag=""> <sfAttrib sfName="date" sfValue="1"/> </sfInput>
<sfInput   sfName="U"  sfDataType="double" sfDims="0"  sfDescription="solution variable"  sfDefault="0.0"  sfFpmlTag=""/> 
<sfOutput   sfName="Vx"  sfDataType="double" sfDims="0"  sfDescription="discounted value"  sfFpmlTag=""/> 
<sfColumnGroup  sfName="XBulletCall"  sfDescription="solution variable and solution variable"  sfLBound="1"  sfUBound="nCall"  sfFpmlTag="r:steps">  <sfColumn sfName="tCall"/>  <sfColumn sfName="CallPrice"/> </sfColumnGroup> 
<sfColumnGroup  sfName="XtRange"  sfDescription="solution variable"  sfLBound="1"  sfUBound="nRange"  sfFpmlTag="r:steps">  <sfColumn sfName="tRange"/> </sfColumnGroup> 
 
 <sfInstallation  sfCompanyName="SciComp Inc" sfUserName="\:c601\:c5c5" />
</sfFunction> 