<?xml version="1.0" standalone="yes"?>
<sfFunction sfName="mcBestWorst2" sfHeaderFile="mcBestWorst2.h" sfCFile="mcBestWorst2.cpp" sfInstrument="mcBestWorst2 option" >
<sfAttrib sfName="sfCodeModel" sfValue="SciArray"/>
<sfXlpGen> 
<xlpStyleSheet> scixl.xsl</xlpStyleSheet> 
<xlpXmlFile> mcBestWorst2-xlpgen.xml</xlpXmlFile> 
<xlpProjectSrcDir> project-files</xlpProjectSrcDir> 
<xlpProjectDestDir> . </xlpProjectDestDir> 
<xlpAddinCppFile> mcBestWorst2xl.cpp</xlpAddinCppFile> 
<xlpAddinHFile> mcBestWorst2xl.h</xlpAddinHFile> 
<xlpXlsFile xlpTarget="mcBestWorst2-demo.xls" />  
</sfXlpGen> 
<sfInput   sfName="Best"  sfDataType="boolean" sfDims="0"  sfDescription="solution variable"  sfDefault="10"  sfFpmlTag=""/> 
<sfInput   sfName="calcGreeks"  sfDataType="boolean" sfDims="1"  sfLBound="1"  sfUBound="nD"  sfDescription="solution variable"  sfDefault="10"  sfFpmlTag=""/> 
<sfInput   sfName="call"  sfDataType="long" sfDims="0"  sfDescription="solution variable"  sfDefault="10"  sfFpmlTag=""/> 
<sfInput   sfName="disc"  sfDataType="double" sfDims="0"  sfDescription="discount rate"  sfDefault="0.0"  sfFpmlTag=""/> 
<sfInput   sfName="KB"  sfDataType="double" sfDims="0"  sfDescription="solution variable"  sfDefault="0.0"  sfFpmlTag=""/> 
<sfInput   sfName="KU"  sfDataType="double" sfDims="1"  sfLBound="1"  sfUBound="nD"  sfDescription="solution variable"  sfDefault="0.0"  sfFpmlTag=""/> 
<sfInput   sfName="loan"  sfDataType="double" sfDims="1"  sfLBound="1"  sfUBound="nD"  sfDescription="solution variable"  sfDefault="0.0"  sfFpmlTag=""/> 
<sfInput   sfName="nD"  sfDataType="long" sfDims="0"  sfDescription="maximum for iD"  sfDefault="10"  sfFpmlTag=""/> 
<sfInput   sfName="pMax"  sfDataType="long" sfDims="0"  sfDescription="maximum for path"  sfDefault="10"  sfFpmlTag=""/> 
<sfInput   sfName="q"  sfDataType="double" sfDims="1"  sfLBound="1"  sfUBound="nD"  sfDescription="solution variable"  sfDefault="0.0"  sfFpmlTag=""/> 
<sfInput   sfName="rho"  sfDataType="double" sfDims="2"  sfLBound="1"  sfUBound="nD"  sfLBound2="1"  sfUBound2="nD"  sfDescription="solution variable"  sfDefault="0.0"  sfFpmlTag=""/> 
<sfInput   sfName="Sbump"  sfDataType="double" sfDims="0"  sfDescription="solution variable"  sfDefault="0.0"  sfFpmlTag=""/> 
<sfInput   sfName="Series"  sfDataType="long" sfDims="0"  sfDescription="solution variable"  sfDefault="10"  sfFpmlTag=""/> 
<sfInput   sfName="sigma"  sfDataType="double" sfDims="1"  sfLBound="1"  sfUBound="nD"  sfDescription="solution variable"  sfDefault="0.0"  sfFpmlTag=""/> 
<sfInput   sfName="Spot"  sfDataType="double" sfDims="1"  sfLBound="1"  sfUBound="nD"  sfDescription="solution variable"  sfDefault="0.0"  sfFpmlTag=""/> 
<sfInput   sfName="TB"  sfDataType="double" sfDims="0"  sfDescription="solution variable"  sfDefault="0.0"  sfFpmlTag=""> <sfAttrib sfName="date" sfValue="1"/> </sfInput>
<sfInput   sfName="TU"  sfDataType="double" sfDims="0"  sfDescription="solution variable"  sfDefault="0.0"  sfFpmlTag=""/> 
<sfInput   sfName="WU"  sfDataType="double" sfDims="1"  sfLBound="1"  sfUBound="nD"  sfDescription="solution variable"  sfDefault="0.0"  sfFpmlTag=""/> 
<sfOutput   sfName="Deltax"  sfDataType="double" sfDims="1"  sfLBound="1"  sfUBound="nD"  sfDescription="solution variable"  sfFpmlTag=""/> 
<sfOutput   sfName="Gammax"  sfDataType="double" sfDims="1"  sfLBound="1"  sfUBound="nD"  sfDescription="solution variable"  sfFpmlTag=""/> 
<sfOutput   sfName="Vx"  sfDataType="double" sfDims="0"  sfDescription="discounted value"  sfFpmlTag=""/> 
<sfColumnGroup  sfName="XStocks"  sfDescription="solution variable, solution variable, solution variable, solution variable, solution variable, solution variable and solution variable"  sfLBound="1"  sfUBound="nD"  sfFpmlTag="r:steps">  <sfColumn sfName="Spot"/>  <sfColumn sfName="loan"/>  <sfColumn sfName="q"/>  <sfColumn sfName="sigma"/>  <sfColumn sfName="KU"/>  <sfColumn sfName="WU"/>  <sfColumn sfName="calcGreeks"/> </sfColumnGroup> 
 
 <sfInstallation  sfCompanyName="SciComp Inc" sfUserName="\:c601\:c5c5" />
</sfFunction> 