<?xml version="1.0" standalone="yes"?>
<sfFunction sfName="mcEqLinkStructNote7" sfHeaderFile="mcEqLinkStructNote7.h" sfCFile="mcEqLinkStructNote7.cpp" sfInstrument="mcEqLinkStructNote7 option" >
<sfAttrib sfName="sfCodeModel" sfValue="SciArray"/>
<sfXlpGen> 
<xlpStyleSheet> scixl.xsl</xlpStyleSheet> 
<xlpXmlFile> mcEqLinkStructNote7-xlpgen.xml</xlpXmlFile> 
<xlpProjectSrcDir> project-files</xlpProjectSrcDir> 
<xlpProjectDestDir> . </xlpProjectDestDir> 
<xlpAddinCppFile> mcEqLinkStructNote7xl.cpp</xlpAddinCppFile> 
<xlpAddinHFile> mcEqLinkStructNote7xl.h</xlpAddinHFile> 
<xlpXlsFile xlpTarget="mcEqLinkStructNote7-demo.xls" />  
</sfXlpGen> 
<sfInput   sfName="cumulative"  sfDataType="long" sfDims="0"  sfDescription="solution variable"  sfDefault="10"  sfFpmlTag=""/> 
<sfInput   sfName="Currency"  sfDataType="long" sfDims="1"  sfLBound="1"  sfUBound="nFund"  sfDescription="solution variable"  sfDefault="10"  sfFpmlTag=""/> 
<sfInput   sfName="DomCurrency"  sfDataType="long" sfDims="0"  sfDescription="solution variable"  sfDefault="10"  sfFpmlTag=""/> 
<sfInput   sfName="EvalDate"  sfDataType="double" sfDims="1"  sfLBound="1"  sfUBound="nEval"  sfDescription="solution variable"  sfDefault="0.0"  sfFpmlTag=""> <sfAttrib sfName="date" sfValue="1"/> </sfInput>
<sfInput   sfName="FundRef0"  sfDataType="double" sfDims="1"  sfLBound="1"  sfUBound="nFund"  sfDescription="solution variable"  sfDefault="0.0"  sfFpmlTag=""/> 
<sfInput   sfName="FundSpot"  sfDataType="double" sfDims="1"  sfLBound="1"  sfUBound="nFund"  sfDescription="solution variable"  sfDefault="0.0"  sfFpmlTag=""/> 
<sfInput   sfName="LockedRtnHist"  sfDataType="double" sfDims="1"  sfLBound="1"  sfUBound="nEval"  sfDescription="solution variable"  sfDefault="0.0"  sfFpmlTag=""/> 
<sfInput   sfName="MaturityDate"  sfDataType="double" sfDims="0"  sfDescription="solution variable"  sfDefault="0.0"  sfFpmlTag=""/> 
<sfInput   sfName="MgtFee"  sfDataType="double" sfDims="1"  sfLBound="1"  sfUBound="nFund"  sfDescription="solution variable"  sfDefault="0.0"  sfFpmlTag=""/> 
<sfInput   sfName="nEval"  sfDataType="long" sfDims="0"  sfDescription="solution variable"  sfDefault="10"  sfFpmlTag=""/> 
<sfInput   sfName="nFund"  sfDataType="long" sfDims="0"  sfDescription="maximum for iFund"  sfDefault="10"  sfFpmlTag=""/> 
<sfInput   sfName="nMax"  sfDataType="long" sfDims="0"  sfDescription="number of grid cells for t"  sfDefault="10"  sfFpmlTag=""/> 
<sfInput   sfName="Notional"  sfDataType="double" sfDims="0"  sfDescription="solution variable"  sfDefault="0.0"  sfFpmlTag=""/> 
<sfInput   sfName="nPortfolio"  sfDataType="long" sfDims="0"  sfDescription="solution variable"  sfDefault="10"  sfFpmlTag=""/> 
<sfInput   sfName="nZero1"  sfDataType="long" sfDims="0"  sfDescription="solution variable"  sfDefault="10"  sfFpmlTag=""/> 
<sfInput   sfName="nZero2"  sfDataType="long" sfDims="0"  sfDescription="solution variable"  sfDefault="10"  sfFpmlTag=""/> 
<sfInput   sfName="nZero3"  sfDataType="long" sfDims="0"  sfDescription="solution variable"  sfDefault="10"  sfFpmlTag=""/> 
<sfInput   sfName="nZero4"  sfDataType="long" sfDims="0"  sfDescription="solution variable"  sfDefault="10"  sfFpmlTag=""/> 
<sfInput   sfName="pMax"  sfDataType="long" sfDims="0"  sfDescription="maximum for path"  sfDefault="10"  sfFpmlTag=""/> 
<sfInput   sfName="PortfolioWeight"  sfDataType="double" sfDims="2"  sfLBound="1"  sfUBound="nFund"  sfLBound2="1"  sfUBound2="nPortfolio"  sfDescription="solution variable"  sfDefault="0.0"  sfFpmlTag=""/> 
<sfInput   sfName="PR"  sfDataType="double" sfDims="0"  sfDescription="solution variable"  sfDefault="0.0"  sfFpmlTag=""/> 
<sfInput   sfName="rho"  sfDataType="double" sfDims="2"  sfLBound="1"  sfUBound="nFund"  sfLBound2="1"  sfUBound2="nFund"  sfDescription="solution variable"  sfDefault="0.0"  sfFpmlTag=""/> 
<sfInput   sfName="Series"  sfDataType="long" sfDims="0"  sfDescription="solution variable"  sfDefault="10"  sfFpmlTag=""/> 
<sfInput   sfName="sigma"  sfDataType="double" sfDims="1"  sfLBound="1"  sfUBound="nFund"  sfDescription="solution variable"  sfDefault="0.0"  sfFpmlTag=""/> 
<sfInput   sfName="Strike"  sfDataType="double" sfDims="0"  sfDescription="solution variable"  sfDefault="0.0"  sfFpmlTag=""/> 
<sfInput   sfName="ZeroDates1"  sfDataType="double" sfDims="1"  sfLBound="0"  sfUBound="nZero1"  sfDescription="solution variable"  sfDefault="0.0"  sfFpmlTag=""> <sfAttrib sfName="date" sfValue="1"/> </sfInput>
<sfInput   sfName="ZeroDates2"  sfDataType="double" sfDims="1"  sfLBound="0"  sfUBound="nZero2"  sfDescription="solution variable"  sfDefault="0.0"  sfFpmlTag=""> <sfAttrib sfName="date" sfValue="1"/> </sfInput>
<sfInput   sfName="ZeroDates3"  sfDataType="double" sfDims="1"  sfLBound="0"  sfUBound="nZero3"  sfDescription="solution variable"  sfDefault="0.0"  sfFpmlTag=""> <sfAttrib sfName="date" sfValue="1"/> </sfInput>
<sfInput   sfName="ZeroDates4"  sfDataType="double" sfDims="1"  sfLBound="0"  sfUBound="nZero4"  sfDescription="solution variable"  sfDefault="0.0"  sfFpmlTag=""> <sfAttrib sfName="date" sfValue="1"/> </sfInput>
<sfInput   sfName="ZeroRates1"  sfDataType="double" sfDims="1"  sfLBound="0"  sfUBound="nZero1"  sfDescription="solution variable"  sfDefault="0.0"  sfFpmlTag=""/> 
<sfInput   sfName="ZeroRates2"  sfDataType="double" sfDims="1"  sfLBound="0"  sfUBound="nZero2"  sfDescription="solution variable"  sfDefault="0.0"  sfFpmlTag=""/> 
<sfInput   sfName="ZeroRates3"  sfDataType="double" sfDims="1"  sfLBound="0"  sfUBound="nZero3"  sfDescription="solution variable"  sfDefault="0.0"  sfFpmlTag=""/> 
<sfInput   sfName="ZeroRates4"  sfDataType="double" sfDims="1"  sfLBound="0"  sfUBound="nZero4"  sfDescription="solution variable"  sfDefault="0.0"  sfFpmlTag=""/> 
<sfOutput   sfName="Vx"  sfDataType="double" sfDims="0"  sfDescription="discounted value"  sfFpmlTag=""/> 
<sfColumnGroup  sfName="XEvalDates"  sfDescription="solution variable and solution variable"  sfLBound="1"  sfUBound="nEval"  sfFpmlTag="r:steps">  <sfColumn sfName="EvalDate"/>  <sfColumn sfName="LockedRtnHist"/> </sfColumnGroup> 
<sfColumnGroup  sfName="XFundData"  sfDescription="solution variable, solution variable, solution variable, solution variable and solution variable"  sfLBound="1"  sfUBound="nFund"  sfFpmlTag="r:steps">  <sfColumn sfName="FundSpot"/>  <sfColumn sfName="FundRef0"/>  <sfColumn sfName="sigma"/>  <sfColumn sfName="Currency"/>  <sfColumn sfName="MgtFee"/> </sfColumnGroup> 
<sfColumnGroup  sfName="XZeroCurve1"  sfDescription="solution variable and solution variable"  sfLBound="0"  sfUBound="nZero1"  sfFpmlTag="r:steps">  <sfColumn sfName="ZeroDates1"/>  <sfColumn sfName="ZeroRates1"/> </sfColumnGroup> 
<sfColumnGroup  sfName="XZeroCurve2"  sfDescription="solution variable and solution variable"  sfLBound="0"  sfUBound="nZero2"  sfFpmlTag="r:steps">  <sfColumn sfName="ZeroDates2"/>  <sfColumn sfName="ZeroRates2"/> </sfColumnGroup> 
<sfColumnGroup  sfName="XZeroCurve3"  sfDescription="solution variable and solution variable"  sfLBound="0"  sfUBound="nZero3"  sfFpmlTag="r:steps">  <sfColumn sfName="ZeroDates3"/>  <sfColumn sfName="ZeroRates3"/> </sfColumnGroup> 
<sfColumnGroup  sfName="XZeroCurve4"  sfDescription="solution variable and solution variable"  sfLBound="0"  sfUBound="nZero4"  sfFpmlTag="r:steps">  <sfColumn sfName="ZeroDates4"/>  <sfColumn sfName="ZeroRates4"/> </sfColumnGroup> 
 
 <sfInstallation  sfCompanyName="SciComp Inc" sfUserName="\:c601\:c5c5" />
</sfFunction> 