<files>
<file name="init.dat" description="Test data for model" type="3"/>
<file name="mcEqLinkStructNote7.cpp" description="C++ code for model" type="1"/>
<file name="mcEqLinkStructNote7.h" description="Header file for model" type="2"/>
<file name="mcEqLinkStructNote7.log" description="Log file for model synthesis" type="6"/>
<file name="mcEqLinkStructNote7Main.cpp" description="(Main) C++ code for model" type="1"/>
<file name="mcEqLinkStructNote7.sln" description="Project file for command line test harness" type="4"/>
<file name="mcEqLinkStructNote7.vcxproj" description="Project file for command line test harness" type="4"/>
<file name="mcEqLinkStructNote7.xml" description="XML file describing model" type="5"/>
</files>
