<files>
<file name="init.dat" description="Test data for model" type="3"/>
<file name="mcCDOSQ.cpp" description="C++ code for model" type="1"/>
<file name="mcCDOSQ.h" description="Header file for model" type="2"/>
<file name="mcCDOSQ.log" description="Log file for model synthesis" type="6"/>
<file name="mcCDOSQMain.cpp" description="(Main) C++ code for model" type="1"/>
<file name="mcCDOSQ.sln" description="Project file for command line test harness" type="4"/>
<file name="mcCDOSQ.vcxproj" description="Project file for command line test harness" type="4"/>
<file name="mcCDOSQ.xml" description="XML file describing model" type="5"/>
</files>
