<?xml version="1.0" standalone="yes"?>
<sfFunction sfName="mcDblHestonAccumulator1" sfHeaderFile="mcDblHestonAccumulator1.h" sfCFile="mcDblHestonAccumulator1.cpp" sfInstrument="mcDblHestonAccumulator1 option" >
<sfAttrib sfName="sfCodeModel" sfValue="SciArray"/>
<sfXlpGen> 
<xlpStyleSheet> scixl.xsl</xlpStyleSheet> 
<xlpXmlFile> mcDblHestonAccumulator1-xlpgen.xml</xlpXmlFile> 
<xlpProjectSrcDir> project-files</xlpProjectSrcDir> 
<xlpProjectDestDir> . </xlpProjectDestDir> 
<xlpAddinCppFile> mcDblHestonAccumulator1xl.cpp</xlpAddinCppFile> 
<xlpAddinHFile> mcDblHestonAccumulator1xl.h</xlpAddinHFile> 
<xlpXlsFile xlpTarget="mcDblHestonAccumulator1-demo.xls" />  
</sfXlpGen> 
<sfInput   sfName="count0"  sfDataType="long" sfDims="0"  sfDescription="solution variable"  sfDefault="10"  sfFpmlTag=""/> 
<sfOutput   sfName="Deltax"  sfDataType="double" sfDims="0"  sfDescription="solution variable"  sfFpmlTag=""/> 
<sfInput   sfName="DZeroDates"  sfDataType="double" sfDims="1"  sfLBound="0"  sfUBound="nDCurve"  sfDescription="solution variable"  sfDefault="0.0"  sfFpmlTag=""> <sfAttrib sfName="date" sfValue="1"/> </sfInput>
<sfInput   sfName="DZeroRates"  sfDataType="double" sfDims="1"  sfLBound="0"  sfUBound="nDCurve"  sfDescription="solution variable"  sfDefault="0.0"  sfFpmlTag=""/> 
<sfInput   sfName="FZeroDates"  sfDataType="double" sfDims="1"  sfLBound="0"  sfUBound="nFCurve"  sfDescription="solution variable"  sfDefault="0.0"  sfFpmlTag=""> <sfAttrib sfName="date" sfValue="1"/> </sfInput>
<sfInput   sfName="FZeroRates"  sfDataType="double" sfDims="1"  sfLBound="0"  sfUBound="nFCurve"  sfDescription="solution variable"  sfDefault="0.0"  sfFpmlTag=""/> 
<sfOutput   sfName="Gammax"  sfDataType="double" sfDims="0"  sfDescription="solution variable"  sfFpmlTag=""/> 
<sfInput   sfName="inner"  sfDataType="boolean" sfDims="0"  sfDescription="solution variable"  sfDefault="10"  sfFpmlTag=""/> 
<sfInput   sfName="inRange0"  sfDataType="long" sfDims="0"  sfDescription="solution variable"  sfDefault="10"  sfFpmlTag=""/> 
<sfInput   sfName="kappa1"  sfDataType="double" sfDims="0"  sfDescription="solution variable"  sfDefault="0.0"  sfFpmlTag=""/> 
<sfInput   sfName="kappa2"  sfDataType="double" sfDims="0"  sfDescription="solution variable"  sfDefault="0.0"  sfFpmlTag=""/> 
<sfInput   sfName="MonitorDates"  sfDataType="double" sfDims="1"  sfLBound="1"  sfUBound="nMonDates"  sfDescription="solution variable"  sfDefault="0.0"  sfFpmlTag=""> <sfAttrib sfName="date" sfValue="1"/> </sfInput>
<sfInput   sfName="nDCurve"  sfDataType="long" sfDims="0"  sfDescription="solution variable"  sfDefault="10"  sfFpmlTag=""/> 
<sfInput   sfName="nFCurve"  sfDataType="long" sfDims="0"  sfDescription="solution variable"  sfDefault="10"  sfFpmlTag=""/> 
<sfInput   sfName="nMax"  sfDataType="long" sfDims="0"  sfDescription="number of grid cells for t"  sfDefault="10"  sfFpmlTag=""/> 
<sfInput   sfName="nMonDates"  sfDataType="long" sfDims="0"  sfDescription="solution variable"  sfDefault="10"  sfFpmlTag=""/> 
<sfInput   sfName="pMax"  sfDataType="long" sfDims="0"  sfDescription="maximum for path"  sfDefault="10"  sfFpmlTag=""/> 
<sfInput   sfName="rho1"  sfDataType="double" sfDims="0"  sfDescription="solution variable"  sfDefault="0.0"  sfFpmlTag=""/> 
<sfInput   sfName="rho2"  sfDataType="double" sfDims="0"  sfDescription="solution variable"  sfDefault="0.0"  sfFpmlTag=""/> 
<sfInput   sfName="Series"  sfDataType="long" sfDims="0"  sfDescription="solution variable"  sfDefault="10"  sfFpmlTag=""/> 
<sfInput   sfName="sigma1"  sfDataType="double" sfDims="0"  sfDescription="solution variable"  sfDefault="0.0"  sfFpmlTag=""/> 
<sfInput   sfName="sigma2"  sfDataType="double" sfDims="0"  sfDescription="solution variable"  sfDefault="0.0"  sfFpmlTag=""/> 
<sfInput   sfName="theta1"  sfDataType="double" sfDims="0"  sfDescription="solution variable"  sfDefault="0.0"  sfFpmlTag=""/> 
<sfInput   sfName="theta2"  sfDataType="double" sfDims="0"  sfDescription="solution variable"  sfDefault="0.0"  sfFpmlTag=""/> 
<sfInput   sfName="v10"  sfDataType="double" sfDims="0"  sfDescription="solution variable"  sfDefault="0.0"  sfFpmlTag=""/> 
<sfInput   sfName="v20"  sfDataType="double" sfDims="0"  sfDescription="solution variable"  sfDefault="0.0"  sfFpmlTag=""/> 
<sfInput   sfName="XMax"  sfDataType="double" sfDims="1"  sfLBound="1"  sfUBound="nMonDates"  sfDescription="solution variable"  sfDefault="0.0"  sfFpmlTag=""/> 
<sfInput   sfName="XMin"  sfDataType="double" sfDims="1"  sfLBound="1"  sfUBound="nMonDates"  sfDescription="solution variable"  sfDefault="0.0"  sfFpmlTag=""/> 
<sfInput   sfName="XSpot"  sfDataType="double" sfDims="0"  sfDescription="solution variable"  sfDefault="0.0"  sfFpmlTag=""/> 
<sfOutput   sfName="Vx"  sfDataType="double" sfDims="0"  sfDescription="discounted value"  sfFpmlTag=""/> 
<sfColumnGroup  sfName="XDZeroCurve"  sfDescription="solution variable and solution variable"  sfLBound="0"  sfUBound="nDCurve"  sfFpmlTag="r:steps">  <sfColumn sfName="DZeroDates"/>  <sfColumn sfName="DZeroRates"/> </sfColumnGroup> 
<sfColumnGroup  sfName="XFZeroCurve"  sfDescription="solution variable and solution variable"  sfLBound="0"  sfUBound="nFCurve"  sfFpmlTag="r:steps">  <sfColumn sfName="FZeroDates"/>  <sfColumn sfName="FZeroRates"/> </sfColumnGroup> 
<sfColumnGroup  sfName="XMonitorDates"  sfDescription="solution variable, solution variable and solution variable"  sfLBound="1"  sfUBound="nMonDates"  sfFpmlTag="r:steps">  <sfColumn sfName="MonitorDates"/>  <sfColumn sfName="XMin"/>  <sfColumn sfName="XMax"/> </sfColumnGroup> 
 
 <sfInstallation  sfCompanyName="SciComp Inc" sfUserName="\:c601\:c5c5" />
</sfFunction> 