<?xml version="1.0" standalone="yes"?>
<sfFunction sfName="mcCSO9" sfHeaderFile="mcCSO9.h" sfCFile="mcCSO9.cpp" sfInstrument=" Single tranche CDO " >
<sfAttrib sfName="sfCodeModel" sfValue="SciArray"/>
<sfXlpGen> 
<xlpStyleSheet> scixl.xsl</xlpStyleSheet> 
<xlpXmlFile> mcCSO9-xlpgen.xml</xlpXmlFile> 
<xlpProjectSrcDir> project-files</xlpProjectSrcDir> 
<xlpProjectDestDir> . </xlpProjectDestDir> 
<xlpAddinCppFile> mcCSO9xl.cpp</xlpAddinCppFile> 
<xlpAddinHFile> mcCSO9xl.h</xlpAddinHFile> 
<xlpXlsFile xlpTarget="mcCSO9-demo.xls" />  
</sfXlpGen> 
<sfInput   sfName="Accrual"  sfDataType="double" sfDims="1"  sfLBound="1"  sfUBound="nC"  sfDescription="solution variable"  sfDefault="0.0"  sfFpmlTag=""/> 
<sfInput   sfName="aFac"  sfDataType="double" sfDims="1"  sfLBound="1"  sfUBound="nD"  sfDescription="solution variable"  sfDefault="0.0"  sfFpmlTag=""/> 
<sfInput   sfName="CdsBump"  sfDataType="double" sfDims="0"  sfDescription="solution variable"  sfDefault="0.0"  sfFpmlTag=""/> 
<sfInput   sfName="CdsCurve"  sfDataType="double" sfDims="2"  sfLBound="1"  sfUBound="nD"  sfLBound2="1"  sfUBound2="ncds"  sfDescription="solution variable"  sfDefault="0.0"  sfFpmlTag=""/> 
<sfInput   sfName="CdsInit"  sfDataType="double" sfDims="0"  sfDescription="solution variable"  sfDefault="0.0"  sfFpmlTag=""/> 
<sfInput   sfName="CdsInterval"  sfDataType="double" sfDims="0"  sfDescription="solution variable"  sfDefault="0.0"  sfFpmlTag=""/> 
<sfInput   sfName="CdsTCurve"  sfDataType="double" sfDims="1"  sfLBound="1"  sfUBound="ncds"  sfDescription="solution variable"  sfDefault="0.0"  sfFpmlTag=""/> 
<sfInput   sfName="Coupon"  sfDataType="double" sfDims="1"  sfLBound="1"  sfUBound="nC"  sfDescription="solution variable"  sfDefault="0.0"  sfFpmlTag=""/> 
<sfInput   sfName="H"  sfDataType="double" sfDims="0"  sfDescription="solution variable"  sfDefault="0.0"  sfFpmlTag=""/> 
<sfInput   sfName="hDswitch"  sfDataType="boolean" sfDims="1"  sfLBound="1"  sfUBound="nD"  sfDescription="solution variable"  sfDefault="10"  sfFpmlTag=""/> 
<sfInput   sfName="L"  sfDataType="double" sfDims="0"  sfDescription="solution variable"  sfDefault="0.0"  sfFpmlTag=""/> 
<sfInput   sfName="nC"  sfDataType="long" sfDims="0"  sfDescription="solution variable"  sfDefault="10"  sfFpmlTag=""/> 
<sfInput   sfName="ncds"  sfDataType="long" sfDims="0"  sfDescription="solution variable"  sfDefault="10"  sfFpmlTag=""/> 
<sfInput   sfName="nD"  sfDataType="long" sfDims="0"  sfDescription="maximum for i"  sfDefault="10"  sfFpmlTag=""/> 
<sfInput   sfName="Notional"  sfDataType="double" sfDims="1"  sfLBound="1"  sfUBound="nD"  sfDescription="solution variable"  sfDefault="0.0"  sfFpmlTag=""/> 
<sfInput   sfName="nZ"  sfDataType="long" sfDims="0"  sfDescription="solution variable"  sfDefault="10"  sfFpmlTag=""/> 
<sfInput   sfName="pMax"  sfDataType="long" sfDims="0"  sfDescription="maximum for path"  sfDefault="10"  sfFpmlTag=""/> 
<sfInput   sfName="Recovery"  sfDataType="double" sfDims="1"  sfLBound="1"  sfUBound="nD"  sfDescription="solution variable"  sfDefault="0.0"  sfFpmlTag=""/> 
<sfInput   sfName="tC"  sfDataType="double" sfDims="1"  sfLBound="1"  sfUBound="nC"  sfDescription="solution variable"  sfDefault="0.0"  sfFpmlTag=""> <sfAttrib sfName="date" sfValue="1"/> </sfInput>
<sfInput   sfName="TCurve"  sfDataType="double" sfDims="1"  sfLBound="1"  sfUBound="nZ"  sfDescription="solution variable"  sfDefault="0.0"  sfFpmlTag=""/> 
<sfInput   sfName="TMax"  sfDataType="double" sfDims="0"  sfDescription="maximum time"  sfDefault="0.0"  sfFpmlTag=""> <sfAttrib sfName="date" sfValue="1"/> </sfInput>
<sfInput   sfName="ZCurve"  sfDataType="double" sfDims="1"  sfLBound="1"  sfUBound="nZ"  sfDescription="solution variable"  sfDefault="0.0"  sfFpmlTag=""/> 
<sfOutput   sfName="Dbarx"  sfDataType="double" sfDims="1"  sfLBound="1"  sfUBound="nC"  sfDescription="solution variable"  sfFpmlTag=""/> 
<sfOutput   sfName="DiscFacx"  sfDataType="double" sfDims="1"  sfLBound="1"  sfUBound="nC"  sfDescription="solution variable"  sfFpmlTag=""/> 
<sfOutput   sfName="elossMcAvex"  sfDataType="double" sfDims="1"  sfLBound="1"  sfUBound="nC"  sfDescription="McAve value for eloss"  sfFpmlTag=""/> 
<sfOutput   sfName="hDeltax"  sfDataType="double" sfDims="1"  sfLBound="1"  sfUBound="nD"  sfDescription="solution variable"  sfFpmlTag=""/> 
<sfOutput   sfName="PresentValuex"  sfDataType="double" sfDims="0"  sfDescription="discounted value"  sfFpmlTag=""/> 
<sfColumnGroup  sfName="Xaccrual"  sfDescription="solution variable"  sfLBound="1"  sfUBound="nC"  sfFpmlTag="r:steps">  <sfColumn sfName="Accrual"/> </sfColumnGroup> 
<sfColumnGroup  sfName="XaFac"  sfDescription="solution variable"  sfLBound="1"  sfUBound="nD"  sfFpmlTag="r:steps">  <sfColumn sfName="aFac"/> </sfColumnGroup> 
<sfColumnGroup  sfName="XCdsTCurve"  sfDescription="solution variable"  sfLBound="1"  sfUBound="ncds"  sfFpmlTag="r:steps">  <sfColumn sfName="CdsTCurve"/> </sfColumnGroup> 
<sfColumnGroup  sfName="XCoupon"  sfDescription="solution variable"  sfLBound="1"  sfUBound="nC"  sfFpmlTag="r:steps">  <sfColumn sfName="Coupon"/> </sfColumnGroup> 
<sfColumnGroup  sfName="XhDswitch"  sfDescription="solution variable"  sfLBound="1"  sfUBound="nD"  sfFpmlTag="r:steps">  <sfColumn sfName="hDswitch"/> </sfColumnGroup> 
<sfColumnGroup  sfName="XNotional"  sfDescription="solution variable"  sfLBound="1"  sfUBound="nD"  sfFpmlTag="r:steps">  <sfColumn sfName="Notional"/> </sfColumnGroup> 
<sfColumnGroup  sfName="XPaymentDates"  sfDescription="solution variable"  sfLBound="1"  sfUBound="nC"  sfFpmlTag="r:steps">  <sfColumn sfName="tC"/> </sfColumnGroup> 
<sfColumnGroup  sfName="XRecovery"  sfDescription="solution variable"  sfLBound="1"  sfUBound="nD"  sfFpmlTag="r:steps">  <sfColumn sfName="Recovery"/> </sfColumnGroup> 
<sfColumnGroup  sfName="XZCurve"  sfDescription="solution variable and solution variable"  sfLBound="1"  sfUBound="nZ"  sfFpmlTag="r:steps">  <sfColumn sfName="ZCurve"/>  <sfColumn sfName="TCurve"/> </sfColumnGroup> 
 
 <sfInstallation  sfCompanyName="SciComp Inc" sfUserName="\:c601\:c5c5" />
</sfFunction> 