<?xml version="1.0" standalone="yes"?>
<sfFunction sfName="mcCSO5" sfHeaderFile="mcCSO5.h" sfCFile="mcCSO5.cpp" sfInstrument=" Collaterized Synthetic Debt Obligation using Li's model " >
<sfAttrib sfName="sfCodeModel" sfValue="SciArray"/>
<sfXlpGen> 
<xlpStyleSheet> scixl.xsl</xlpStyleSheet> 
<xlpXmlFile> mcCSO5-xlpgen.xml</xlpXmlFile> 
<xlpProjectSrcDir> project-files</xlpProjectSrcDir> 
<xlpProjectDestDir> . </xlpProjectDestDir> 
<xlpAddinCppFile> mcCSO5xl.cpp</xlpAddinCppFile> 
<xlpAddinHFile> mcCSO5xl.h</xlpAddinHFile> 
<xlpXlsFile xlpTarget="mcCSO5-demo.xls" />  
</sfXlpGen> 
<sfInput   sfName="CopR"  sfDataType="double" sfDims="2"  sfLBound="1"  sfUBound="nD"  sfLBound2="1"  sfUBound2="nD"  sfDescription="solution variable"  sfDefault="0.0"  sfFpmlTag=""/> 
<sfInput   sfName="Detach"  sfDataType="double" sfDims="1"  sfLBound="1"  sfUBound="nT"  sfDescription="solution variable"  sfDefault="0.0"  sfFpmlTag=""/> 
<sfInput   sfName="Dswitch"  sfDataType="boolean" sfDims="1"  sfLBound="1"  sfUBound="nD"  sfDescription="solution variable"  sfDefault="10"  sfFpmlTag=""/> 
<sfInput   sfName="greekFD"  sfDataType="double" sfDims="0"  sfDescription="solution variable"  sfDefault="0.0"  sfFpmlTag=""/> 
<sfInput   sfName="h"  sfDataType="double" sfDims="1"  sfLBound="1"  sfUBound="nD"  sfDescription="solution variable"  sfDefault="0.0"  sfFpmlTag=""/> 
<sfInput   sfName="leap"  sfDataType="long" sfDims="0"  sfDescription="solution variable"  sfDefault="10"  sfFpmlTag=""/> 
<sfInput   sfName="nC"  sfDataType="long" sfDims="0"  sfDescription="solution variable"  sfDefault="10"  sfFpmlTag=""/> 
<sfInput   sfName="nD"  sfDataType="long" sfDims="0"  sfDescription="solution variable"  sfDefault="10"  sfFpmlTag=""/> 
<sfInput   sfName="Notional"  sfDataType="double" sfDims="1"  sfLBound="1"  sfUBound="nD"  sfDescription="solution variable"  sfDefault="0.0"  sfFpmlTag=""/> 
<sfInput   sfName="nT"  sfDataType="long" sfDims="0"  sfDescription="maximum for iT"  sfDefault="10"  sfFpmlTag=""/> 
<sfInput   sfName="nZ"  sfDataType="long" sfDims="0"  sfDescription="solution variable"  sfDefault="10"  sfFpmlTag=""/> 
<sfInput   sfName="pMax"  sfDataType="long" sfDims="0"  sfDescription="maximum for path"  sfDefault="10"  sfFpmlTag=""/> 
<sfInput   sfName="Recovery"  sfDataType="double" sfDims="1"  sfLBound="1"  sfUBound="nD"  sfDescription="solution variable"  sfDefault="0.0"  sfFpmlTag=""/> 
<sfInput   sfName="RSpread"  sfDataType="double" sfDims="1"  sfLBound="1"  sfUBound="nT"  sfDescription="solution variable"  sfDefault="0.0"  sfFpmlTag=""/> 
<sfInput   sfName="sskip"  sfDataType="long" sfDims="0"  sfDescription="solution variable"  sfDefault="10"  sfFpmlTag=""/> 
<sfInput   sfName="tC"  sfDataType="double" sfDims="1"  sfLBound="1"  sfUBound="nC"  sfDescription="solution variable"  sfDefault="0.0"  sfFpmlTag=""> <sfAttrib sfName="date" sfValue="1"/> </sfInput>
<sfInput   sfName="TCurve"  sfDataType="double" sfDims="1"  sfLBound="1"  sfUBound="nZ"  sfDescription="solution variable"  sfDefault="0.0"  sfFpmlTag=""/> 
<sfInput   sfName="TMax"  sfDataType="double" sfDims="0"  sfDescription="maximum time"  sfDefault="0.0"  sfFpmlTag=""> <sfAttrib sfName="date" sfValue="1"/> </sfInput>
<sfInput   sfName="UFee"  sfDataType="double" sfDims="0"  sfDescription="solution variable"  sfDefault="0.0"  sfFpmlTag=""/> 
<sfInput   sfName="ZCurve"  sfDataType="double" sfDims="1"  sfLBound="1"  sfUBound="nZ"  sfDescription="solution variable"  sfDefault="0.0"  sfFpmlTag=""/> 
<sfOutput   sfName="Deltax"  sfDataType="double" sfDims="1"  sfLBound="1"  sfUBound="nD"  sfDescription="solution variable"  sfFpmlTag=""/> 
<sfOutput   sfName="FairValuex"  sfDataType="double" sfDims="1"  sfLBound="1"  sfUBound="nT"  sfDescription="solution variable"  sfFpmlTag=""/> 
<sfOutput   sfName="FSpreadx"  sfDataType="double" sfDims="1"  sfLBound="1"  sfUBound="nT"  sfDescription="solution variable"  sfFpmlTag=""/> 
<sfOutput   sfName="LossValuex"  sfDataType="double" sfDims="1"  sfLBound="1"  sfUBound="nT"  sfDescription="discounted value"  sfFpmlTag=""/> 
<sfOutput   sfName="PremValuex"  sfDataType="double" sfDims="1"  sfLBound="1"  sfUBound="nT"  sfDescription="discounted value"  sfFpmlTag=""/> 
<sfColumnGroup  sfName="XDetachment"  sfDescription="solution variable"  sfLBound="1"  sfUBound="nT"  sfFpmlTag="r:steps">  <sfColumn sfName="Detach"/> </sfColumnGroup> 
<sfColumnGroup  sfName="XDswitch"  sfDescription="solution variable"  sfLBound="1"  sfUBound="nD"  sfFpmlTag="r:steps">  <sfColumn sfName="Dswitch"/> </sfColumnGroup> 
<sfColumnGroup  sfName="XhCurves"  sfDescription="solution variable"  sfLBound="1"  sfUBound="nD"  sfFpmlTag="r:steps">  <sfColumn sfName="h"/> </sfColumnGroup> 
<sfColumnGroup  sfName="XNotional"  sfDescription="solution variable"  sfLBound="1"  sfUBound="nD"  sfFpmlTag="r:steps">  <sfColumn sfName="Notional"/> </sfColumnGroup> 
<sfColumnGroup  sfName="XPayDates"  sfDescription="solution variable"  sfLBound="1"  sfUBound="nC"  sfFpmlTag="r:steps">  <sfColumn sfName="tC"/> </sfColumnGroup> 
<sfColumnGroup  sfName="XRecovery"  sfDescription="solution variable"  sfLBound="1"  sfUBound="nD"  sfFpmlTag="r:steps">  <sfColumn sfName="Recovery"/> </sfColumnGroup> 
<sfColumnGroup  sfName="XRSpread"  sfDescription="solution variable"  sfLBound="1"  sfUBound="nT"  sfFpmlTag="r:steps">  <sfColumn sfName="RSpread"/> </sfColumnGroup> 
<sfColumnGroup  sfName="XZCurve"  sfDescription="solution variable and solution variable"  sfLBound="1"  sfUBound="nZ"  sfFpmlTag="r:steps">  <sfColumn sfName="ZCurve"/>  <sfColumn sfName="TCurve"/> </sfColumnGroup> 
 
 <sfInstallation  sfCompanyName="SciComp Inc" sfUserName="\:c601\:c5c5" />
</sfFunction> 