<?xml version="1.0" standalone="yes"?>
<sfFunction sfName="mcFuturesAsian2" sfHeaderFile="mcFuturesAsian2.h" sfCFile="mcFuturesAsian2.cpp" sfInstrument="mcFuturesAsian2 option" >
<sfAttrib sfName="sfCodeModel" sfValue="SciArray"/>
<sfXlpGen> 
<xlpStyleSheet> scixl.xsl</xlpStyleSheet> 
<xlpXmlFile> mcFuturesAsian2-xlpgen.xml</xlpXmlFile> 
<xlpProjectSrcDir> project-files</xlpProjectSrcDir> 
<xlpProjectDestDir> . </xlpProjectDestDir> 
<xlpAddinCppFile> mcFuturesAsian2xl.cpp</xlpAddinCppFile> 
<xlpAddinHFile> mcFuturesAsian2xl.h</xlpAddinHFile> 
<xlpXlsFile xlpTarget="mcFuturesAsian2-demo.xls" />  
</sfXlpGen> 
<sfInput   sfName="Ainit"  sfDataType="double" sfDims="0"  sfDescription="solution variable"  sfDefault="0.0"  sfFpmlTag=""/> 
<sfInput   sfName="alpha"  sfDataType="double" sfDims="1"  sfLBound="1"  sfUBound="nFut"  sfDescription="solution variable"  sfDefault="0.0"  sfFpmlTag=""/> 
<sfInput   sfName="beta"  sfDataType="double" sfDims="1"  sfLBound="1"  sfUBound="nFut"  sfDescription="solution variable"  sfDefault="0.0"  sfFpmlTag=""/> 
<sfInput   sfName="call"  sfDataType="boolean" sfDims="0"  sfDescription="solution variable"  sfDefault="10"  sfFpmlTag=""/> 
<sfInput   sfName="FutMats"  sfDataType="double" sfDims="1"  sfLBound="1"  sfUBound="nFut"  sfDescription="solution variable"  sfDefault="0.0"  sfFpmlTag=""/> 
<sfInput   sfName="FutPrice"  sfDataType="double" sfDims="1"  sfLBound="1"  sfUBound="nFut"  sfDescription="solution variable"  sfDefault="0.0"  sfFpmlTag=""/> 
<sfInput   sfName="K"  sfDataType="double" sfDims="0"  sfDescription="solution variable"  sfDefault="0.0"  sfFpmlTag=""/> 
<sfInput   sfName="lambda1"  sfDataType="double" sfDims="1"  sfLBound="1"  sfUBound="nFut"  sfDescription="solution variable"  sfDefault="0.0"  sfFpmlTag=""/> 
<sfInput   sfName="lambda2"  sfDataType="double" sfDims="1"  sfLBound="1"  sfUBound="nFut"  sfDescription="solution variable"  sfDefault="0.0"  sfFpmlTag=""/> 
<sfInput   sfName="lambda3"  sfDataType="double" sfDims="1"  sfLBound="1"  sfUBound="nFut"  sfDescription="solution variable"  sfDefault="0.0"  sfFpmlTag=""/> 
<sfInput   sfName="nFut"  sfDataType="long" sfDims="0"  sfDescription="solution variable"  sfDefault="10"  sfFpmlTag=""/> 
<sfInput   sfName="nMax"  sfDataType="long" sfDims="0"  sfDescription="number of grid cells for t"  sfDefault="10"  sfFpmlTag=""/> 
<sfInput   sfName="nSamp"  sfDataType="long" sfDims="0"  sfDescription="solution variable"  sfDefault="10"  sfFpmlTag=""/> 
<sfInput   sfName="nSampInit"  sfDataType="long" sfDims="0"  sfDescription="solution variable"  sfDefault="10"  sfFpmlTag=""/> 
<sfInput   sfName="nZero"  sfDataType="long" sfDims="0"  sfDescription="solution variable"  sfDefault="10"  sfFpmlTag=""/> 
<sfInput   sfName="pMax"  sfDataType="long" sfDims="0"  sfDescription="maximum for path"  sfDefault="10"  sfFpmlTag=""/> 
<sfInput   sfName="SampleDates"  sfDataType="double" sfDims="1"  sfLBound="1"  sfUBound="nSamp"  sfDescription="solution variable"  sfDefault="0.0"  sfFpmlTag=""> <sfAttrib sfName="date" sfValue="1"/> </sfInput>
<sfInput   sfName="Seed"  sfDataType="long" sfDims="0"  sfDescription="solution variable"  sfDefault="10"  sfFpmlTag=""/> 
<sfInput   sfName="SviA"  sfDataType="double" sfDims="1"  sfLBound="1"  sfUBound="nFut"  sfDescription="solution variable"  sfDefault="0.0"  sfFpmlTag=""/> 
<sfInput   sfName="SviB"  sfDataType="double" sfDims="1"  sfLBound="1"  sfUBound="nFut"  sfDescription="solution variable"  sfDefault="0.0"  sfFpmlTag=""/> 
<sfInput   sfName="SviMu"  sfDataType="double" sfDims="1"  sfLBound="1"  sfUBound="nFut"  sfDescription="solution variable"  sfDefault="0.0"  sfFpmlTag=""/> 
<sfInput   sfName="SviRho"  sfDataType="double" sfDims="1"  sfLBound="1"  sfUBound="nFut"  sfDescription="solution variable"  sfDefault="0.0"  sfFpmlTag=""/> 
<sfInput   sfName="SviSigma"  sfDataType="double" sfDims="1"  sfLBound="1"  sfUBound="nFut"  sfDescription="solution variable"  sfDefault="0.0"  sfFpmlTag=""/> 
<sfInput   sfName="Weight"  sfDataType="double" sfDims="1"  sfLBound="1"  sfUBound="nSamp"  sfDescription="solution variable"  sfDefault="0.0"  sfFpmlTag=""/> 
<sfInput   sfName="zDate"  sfDataType="double" sfDims="1"  sfLBound="1"  sfUBound="nZero"  sfDescription="solution variable"  sfDefault="0.0"  sfFpmlTag=""> <sfAttrib sfName="date" sfValue="1"/> </sfInput>
<sfInput   sfName="zRate"  sfDataType="double" sfDims="1"  sfLBound="1"  sfUBound="nZero"  sfDescription="solution variable"  sfDefault="0.0"  sfFpmlTag=""/> 
<sfOutput   sfName="devx"  sfDataType="double" sfDims="0"  sfDescription="standard deviation error estimate"  sfFpmlTag=""/> 
<sfOutput   sfName="Vx"  sfDataType="double" sfDims="0"  sfDescription="discounted value"  sfFpmlTag=""/> 
<sfColumnGroup  sfName="XAtmCorParams"  sfDescription="solution variable, solution variable and solution variable"  sfLBound="1"  sfUBound="nFut"  sfFpmlTag="r:steps">  <sfColumn sfName="lambda1"/>  <sfColumn sfName="lambda2"/>  <sfColumn sfName="lambda3"/> </sfColumnGroup> 
<sfColumnGroup  sfName="XAtmVolParams"  sfDescription="solution variable and solution variable"  sfLBound="1"  sfUBound="nFut"  sfFpmlTag="r:steps">  <sfColumn sfName="alpha"/>  <sfColumn sfName="beta"/> </sfColumnGroup> 
<sfColumnGroup  sfName="XFuturesCurve"  sfDescription="solution variable and solution variable"  sfLBound="1"  sfUBound="nFut"  sfFpmlTag="r:steps">  <sfColumn sfName="FutMats"/>  <sfColumn sfName="FutPrice"/> </sfColumnGroup> 
<sfColumnGroup  sfName="XSampleDates"  sfDescription="solution variable and solution variable"  sfLBound="1"  sfUBound="nSamp"  sfFpmlTag="r:steps">  <sfColumn sfName="SampleDates"/>  <sfColumn sfName="Weight"/> </sfColumnGroup> 
<sfColumnGroup  sfName="XSviVolParams"  sfDescription="solution variable, solution variable, solution variable, solution variable and solution variable"  sfLBound="1"  sfUBound="nFut"  sfFpmlTag="r:steps">  <sfColumn sfName="SviA"/>  <sfColumn sfName="SviB"/>  <sfColumn sfName="SviMu"/>  <sfColumn sfName="SviRho"/>  <sfColumn sfName="SviSigma"/> </sfColumnGroup> 
<sfColumnGroup  sfName="XZeroCurve"  sfDescription="solution variable and solution variable"  sfLBound="1"  sfUBound="nZero"  sfFpmlTag="r:steps">  <sfColumn sfName="zDate"/>  <sfColumn sfName="zRate"/> </sfColumnGroup> 
 
 <sfInstallation  sfCompanyName="SciComp Inc" sfUserName="\:c601\:c5c5" />
</sfFunction> 