<?xml version="1.0" standalone="yes"?>
<sfFunction sfName="mcAmerican1" sfHeaderFile="mcAmerican1.h" sfCFile="mcAmerican1.cpp" sfInstrument="mcAmerican1 option" >
<sfAttrib sfName="sfCodeModel" sfValue="SciArray"/>
<sfXlpGen> 
<xlpStyleSheet> scixl.xsl</xlpStyleSheet> 
<xlpXmlFile> mcAmerican1-xlpgen.xml</xlpXmlFile> 
<xlpProjectSrcDir> project-files</xlpProjectSrcDir> 
<xlpProjectDestDir> . </xlpProjectDestDir> 
<xlpAddinCppFile> mcAmerican1xl.cpp</xlpAddinCppFile> 
<xlpAddinHFile> mcAmerican1xl.h</xlpAddinHFile> 
<xlpXlsFile xlpTarget="mcAmerican1-demo.xls" />  
</sfXlpGen> 
<sfInput   sfName="K"  sfDataType="double" sfDims="0"  sfDescription="solution variable"  sfDefault="0.0"  sfFpmlTag=""/> 
<sfInput   sfName="maxord"  sfDataType="long" sfDims="0"  sfDescription="solution variable"  sfDefault="10"  sfFpmlTag=""/> 
<sfInput   sfName="nExer"  sfDataType="long" sfDims="0"  sfDescription="solution variable"  sfDefault="10"  sfFpmlTag=""/> 
<sfInput   sfName="pMax"  sfDataType="long" sfDims="0"  sfDescription="maximum for path"  sfDefault="10"  sfFpmlTag=""/> 
<sfInput   sfName="pMaxI"  sfDataType="long" sfDims="0"  sfDescription="maximum for pathI"  sfDefault="-999"  sfFpmlTag=""/> 
<sfInput   sfName="put"  sfDataType="boolean" sfDims="0"  sfDescription="solution variable"  sfDefault="10"  sfFpmlTag=""/> 
<sfInput   sfName="q"  sfDataType="double" sfDims="0"  sfDescription="solution variable"  sfDefault="0.0"  sfFpmlTag=""/> 
<sfInput   sfName="r"  sfDataType="double" sfDims="0"  sfDescription="discount rate"  sfDefault="0.0"  sfFpmlTag=""/> 
<sfInput   sfName="Seed"  sfDataType="long" sfDims="0"  sfDescription="solution variable"  sfDefault="10"  sfFpmlTag=""/> 
<sfInput   sfName="SeedI"  sfDataType="long" sfDims="0"  sfDescription="solution variable"  sfDefault="-999"  sfFpmlTag=""/> 
<sfInput   sfName="sigma"  sfDataType="double" sfDims="0"  sfDescription="solution variable"  sfDefault="0.0"  sfFpmlTag=""/> 
<sfInput   sfName="Spot"  sfDataType="double" sfDims="0"  sfDescription="solution variable"  sfDefault="0.0"  sfFpmlTag=""/> 
<sfInput   sfName="SpotI"  sfDataType="double" sfDims="0"  sfDescription="solution variable"  sfDefault="-999."  sfFpmlTag=""/> 
<sfInput   sfName="TMax"  sfDataType="double" sfDims="0"  sfDescription="maximum time"  sfDefault="0.0"  sfFpmlTag=""> <sfAttrib sfName="date" sfValue="1"/> </sfInput>
<sfOutput   sfName="devx"  sfDataType="double" sfDims="0"  sfDescription="standard deviation error estimate"  sfFpmlTag=""/> 
<sfOutput   sfName="fracCalledx"  sfDataType="double" sfDims="0"  sfDescription="solution variable"  sfFpmlTag=""/> 
<sfOutput   sfName="meanTcallx"  sfDataType="double" sfDims="0"  sfDescription="solution variable"  sfFpmlTag=""/> 
<sfOutput   sfName="stdTcallx"  sfDataType="double" sfDims="0"  sfDescription="solution variable"  sfFpmlTag=""/> 
<sfOutput   sfName="Vx"  sfDataType="double" sfDims="0"  sfDescription="discounted value"  sfFpmlTag=""/> 
 
 <sfInstallation  sfCompanyName="SciComp Inc" sfUserName="\:c601\:c5c5" />
</sfFunction> 