<?xml version="1.0" standalone="yes"?>
<sfFunction sfName="cpo1" sfHeaderFile="cpo1.h" sfCFile="cpo1.cpp" sfInstrument="  Contingent Premium Options: put/call with greeks " >
<sfAttrib sfName="sfCodeModel" sfValue="SciArray"/>
<sfXlpGen> 
<xlpStyleSheet> scixl.xsl</xlpStyleSheet> 
<xlpXmlFile> cpo1-xlpgen.xml</xlpXmlFile> 
<xlpProjectSrcDir> project-files</xlpProjectSrcDir> 
<xlpProjectDestDir> . </xlpProjectDestDir> 
<xlpAddinCppFile> cpo1xl.cpp</xlpAddinCppFile> 
<xlpAddinHFile> cpo1xl.h</xlpAddinHFile> 
<xlpXlsFile xlpTarget="cpo1-demo.xls" />  
</sfXlpGen> 
<sfInput   sfName="D0"  sfDataType="double" sfDims="0"  sfDescription="continuous dividend yield"  sfDefault="0.0"  sfFpmlTag=""/> 
<sfInput   sfName="iMax"  sfDataType="long" sfDims="0"  sfDescription="number of grid cells for S"  sfDefault="-999"  sfFpmlTag=""/> 
<sfInput   sfName="K"  sfDataType="double" sfDims="0"  sfDescription="solution variable"  sfDefault="0.0"  sfFpmlTag=""/> 
<sfInput   sfName="nMax"  sfDataType="long" sfDims="0"  sfDescription="number of grid cells for t"  sfDefault="-999"  sfFpmlTag=""/> 
<sfInput   sfName="nspot"  sfDataType="long" sfDims="0"  sfDescription="solution variable"  sfDefault="10"  sfFpmlTag=""/> 
<sfInput   sfName="nsup"  sfDataType="long" sfDims="0"  sfDescription="solution variable"  sfDefault="10"  sfFpmlTag=""/> 
<sfInput   sfName="put"  sfDataType="boolean" sfDims="0"  sfDescription="solution variable"  sfDefault="10"  sfFpmlTag=""/> 
<sfInput   sfName="r"  sfDataType="double" sfDims="0"  sfDescription="interest rate"  sfDefault="0.0"  sfFpmlTag=""/> 
<sfInput   sfName="Scp"  sfDataType="double" sfDims="0"  sfDescription="solution variable"  sfDefault="0.0"  sfFpmlTag=""/> 
<sfInput   sfName="sigma"  sfDataType="double" sfDims="0"  sfDescription="volatility"  sfDefault="0.0"  sfFpmlTag=""/> 
<sfInput   sfName="SMax"  sfDataType="double" sfDims="0"  sfDescription="maximum physical value in dimension S"  sfDefault="-999."  sfFpmlTag=""/> 
<sfInput   sfName="SMin"  sfDataType="double" sfDims="0"  sfDescription="minimum physical value in dimension S"  sfDefault="-999."  sfFpmlTag=""/> 
<sfInput   sfName="spottable"  sfDataType="double" sfDims="1"  sfLBound="0"  sfUBound="nspot"  sfDescription="solution variable"  sfDefault="0.0"  sfFpmlTag=""/> 
<sfInput   sfName="TMax"  sfDataType="double" sfDims="0"  sfDescription="minimum physical value in dimension t"  sfDefault="0.0"  sfFpmlTag=""> <sfAttrib sfName="date" sfValue="1"/> </sfInput>
<sfInput   sfName="Xcp"  sfDataType="double" sfDims="0"  sfDescription="solution variable"  sfDefault="0.0"  sfFpmlTag=""/> 
<sfOutput   sfName="atspotx"  sfDataType="double" sfDims="1"  sfLBound="0"  sfUBound="nspot"  sfDescription="solution variable"  sfFpmlTag=""/> 
<sfOutput   sfName="atspot1x"  sfDataType="double" sfDims="1"  sfLBound="0"  sfUBound="nspot"  sfDescription="solution variable"  sfFpmlTag=""/> 
<sfOutput   sfName="atspot2x"  sfDataType="double" sfDims="1"  sfLBound="0"  sfUBound="nspot"  sfDescription="solution variable"  sfFpmlTag=""/> 
<sfOutput   sfName="atspot3x"  sfDataType="double" sfDims="1"  sfLBound="0"  sfUBound="nspot"  sfDescription="solution variable"  sfFpmlTag=""/> 
<sfOutput   sfName="atspot4x"  sfDataType="double" sfDims="1"  sfLBound="0"  sfUBound="nspot"  sfDescription="solution variable"  sfFpmlTag=""/> 
<sfOutput   sfName="atspot5x"  sfDataType="double" sfDims="1"  sfLBound="0"  sfUBound="nspot"  sfDescription="solution variable"  sfFpmlTag=""/> 
<sfColumnGroup  sfName="Xspottab"  sfDescription="solution variable"  sfLBound="0"  sfUBound="nspot"  sfFpmlTag="r:steps">  <sfColumn sfName="spottable"/> </sfColumnGroup> 
 
 <sfInstallation  sfCompanyName="SciComp Inc" sfUserName="\:c601\:c5c5" />
</sfFunction> 