<?xml version="1.0" standalone="yes"?>
<sfFunction sfName="mcG2CancelCMSSpreadRASwap1" sfHeaderFile="mcG2CancelCMSSpreadRASwap1.h" sfCFile="mcG2CancelCMSSpreadRASwap1.cpp" sfInstrument="mcG2CancelCMSSpreadRASwap1 option" >
<sfAttrib sfName="sfCodeModel" sfValue="SciArray"/>
<sfXlpGen> 
<xlpStyleSheet> scixl.xsl</xlpStyleSheet> 
<xlpXmlFile> mcG2CancelCMSSpreadRASwap1-xlpgen.xml</xlpXmlFile> 
<xlpProjectSrcDir> project-files</xlpProjectSrcDir> 
<xlpProjectDestDir> . </xlpProjectDestDir> 
<xlpAddinCppFile> mcG2CancelCMSSpreadRASwap1xl.cpp</xlpAddinCppFile> 
<xlpAddinHFile> mcG2CancelCMSSpreadRASwap1xl.h</xlpAddinHFile> 
<xlpXlsFile xlpTarget="mcG2CancelCMSSpreadRASwap1-demo.xls" />  
</sfXlpGen> 
<sfInput   sfName="AccrualCms"  sfDataType="double" sfDims="1"  sfLBound="1"  sfUBound="nCpn"  sfDescription="solution variable"  sfDefault="0.0"  sfFpmlTag=""/> 
<sfInput   sfName="AccrualFlt"  sfDataType="double" sfDims="1"  sfLBound="1"  sfUBound="nCpn"  sfDescription="solution variable"  sfDefault="0.0"  sfFpmlTag=""/> 
<sfInput   sfName="CallPrice"  sfDataType="double" sfDims="0"  sfDescription="solution variable"  sfDefault="0.0"  sfFpmlTag=""/> 
<sfInput   sfName="CmsBarrier"  sfDataType="double" sfDims="0"  sfDescription="solution variable"  sfDefault="0.0"  sfFpmlTag=""/> 
<sfInput   sfName="CmsInitCoupon"  sfDataType="double" sfDims="0"  sfDescription="solution variable"  sfDefault="0.0"  sfFpmlTag=""/> 
<sfInput   sfName="CommenceDate"  sfDataType="double" sfDims="0"  sfDescription="solution variable"  sfDefault="0.0"  sfFpmlTag=""> <sfAttrib sfName="date" sfValue="1"/> </sfInput>
<sfInput   sfName="ExerciseDates"  sfDataType="double" sfDims="1"  sfLBound="1"  sfUBound="nExer"  sfDescription="solution variable"  sfDefault="0.0"  sfFpmlTag=""> <sfAttrib sfName="date" sfValue="1"/> </sfInput>
<sfInput   sfName="GearFlt"  sfDataType="double" sfDims="0"  sfDescription="solution variable"  sfDefault="0.0"  sfFpmlTag=""/> 
<sfInput   sfName="kappa1"  sfDataType="double" sfDims="0"  sfDescription="solution variable"  sfDefault="0.0"  sfFpmlTag=""/> 
<sfInput   sfName="kappa2"  sfDataType="double" sfDims="0"  sfDescription="solution variable"  sfDefault="0.0"  sfFpmlTag=""/> 
<sfInput   sfName="maxord1"  sfDataType="long" sfDims="0"  sfDescription="solution variable"  sfDefault="10"  sfFpmlTag=""/> 
<sfInput   sfName="maxord2"  sfDataType="long" sfDims="0"  sfDescription="solution variable"  sfDefault="10"  sfFpmlTag=""/> 
<sfInput   sfName="maxord3"  sfDataType="long" sfDims="0"  sfDescription="solution variable"  sfDefault="10"  sfFpmlTag=""/> 
<sfInput   sfName="nCMS1"  sfDataType="long" sfDims="0"  sfDescription="solution variable"  sfDefault="10"  sfFpmlTag=""/> 
<sfInput   sfName="nCMS2"  sfDataType="long" sfDims="0"  sfDescription="solution variable"  sfDefault="10"  sfFpmlTag=""/> 
<sfInput   sfName="nCpn"  sfDataType="long" sfDims="0"  sfDescription="solution variable"  sfDefault="10"  sfFpmlTag=""/> 
<sfInput   sfName="nExer"  sfDataType="long" sfDims="0"  sfDescription="solution variable"  sfDefault="10"  sfFpmlTag=""/> 
<sfInput   sfName="nMax"  sfDataType="long" sfDims="0"  sfDescription="number of grid cells for t"  sfDefault="10"  sfFpmlTag=""/> 
<sfInput   sfName="nMon"  sfDataType="long" sfDims="0"  sfDescription="solution variable"  sfDefault="10"  sfFpmlTag=""/> 
<sfInput   sfName="Notional"  sfDataType="double" sfDims="0"  sfDescription="solution variable"  sfDefault="0.0"  sfFpmlTag=""/> 
<sfInput   sfName="nRst"  sfDataType="long" sfDims="0"  sfDescription="solution variable"  sfDefault="10"  sfFpmlTag=""/> 
<sfInput   sfName="nZero"  sfDataType="long" sfDims="0"  sfDescription="solution variable"  sfDefault="10"  sfFpmlTag=""/> 
<sfInput   sfName="PastLibor"  sfDataType="double" sfDims="0"  sfDescription="solution variable"  sfDefault="0.0"  sfFpmlTag=""/> 
<sfInput   sfName="PaymentDates"  sfDataType="double" sfDims="1"  sfLBound="1"  sfUBound="nCpn"  sfDescription="solution variable"  sfDefault="0.0"  sfFpmlTag=""> <sfAttrib sfName="date" sfValue="1"/> </sfInput>
<sfInput   sfName="pMax"  sfDataType="long" sfDims="0"  sfDescription="maximum for path"  sfDefault="10"  sfFpmlTag=""/> 
<sfInput   sfName="RanMonitorDates"  sfDataType="double" sfDims="1"  sfLBound="1"  sfUBound="nMon"  sfDescription="solution variable"  sfDefault="0.0"  sfFpmlTag=""> <sfAttrib sfName="date" sfValue="1"/> </sfInput>
<sfInput   sfName="RanResetDates"  sfDataType="double" sfDims="1"  sfLBound="1"  sfUBound="nRst"  sfDescription="solution variable"  sfDefault="0.0"  sfFpmlTag=""> <sfAttrib sfName="date" sfValue="1"/> </sfInput>
<sfInput   sfName="rho12"  sfDataType="double" sfDims="0"  sfDescription="solution variable"  sfDefault="0.0"  sfFpmlTag=""/> 
<sfInput   sfName="Series"  sfDataType="long" sfDims="0"  sfDescription="solution variable"  sfDefault="10"  sfFpmlTag=""/> 
<sfInput   sfName="sigma1"  sfDataType="double" sfDims="0"  sfDescription="solution variable"  sfDefault="0.0"  sfFpmlTag=""/> 
<sfInput   sfName="sigma2"  sfDataType="double" sfDims="0"  sfDescription="solution variable"  sfDefault="0.0"  sfFpmlTag=""/> 
<sfInput   sfName="SpreadFlt"  sfDataType="double" sfDims="0"  sfDescription="solution variable"  sfDefault="0.0"  sfFpmlTag=""/> 
<sfInput   sfName="tauCMS"  sfDataType="double" sfDims="0"  sfDescription="solution variable"  sfDefault="0.0"  sfFpmlTag=""/> 
<sfInput   sfName="tauLibor"  sfDataType="double" sfDims="0"  sfDescription="solution variable"  sfDefault="0.0"  sfFpmlTag=""/> 
<sfInput   sfName="zDates"  sfDataType="double" sfDims="1"  sfLBound="0"  sfUBound="nZero"  sfDescription="solution variable"  sfDefault="0.0"  sfFpmlTag=""> <sfAttrib sfName="date" sfValue="1"/> </sfInput>
<sfInput   sfName="zRates"  sfDataType="double" sfDims="1"  sfLBound="0"  sfUBound="nZero"  sfDescription="solution variable"  sfDefault="0.0"  sfFpmlTag=""/> 
<sfOutput   sfName="Vx"  sfDataType="double" sfDims="0"  sfDescription="discounted value"  sfFpmlTag=""/> 
<sfColumnGroup  sfName="X1X"  sfDescription="solution variable, solution variable and solution variable"  sfLBound="1"  sfUBound="nCpn"  sfFpmlTag="r:steps">  <sfColumn sfName="PaymentDates"/>  <sfColumn sfName="AccrualCms"/>  <sfColumn sfName="AccrualFlt"/> </sfColumnGroup> 
<sfColumnGroup  sfName="X2X"  sfDescription="solution variable"  sfLBound="1"  sfUBound="nExer"  sfFpmlTag="r:steps">  <sfColumn sfName="ExerciseDates"/> </sfColumnGroup> 
<sfColumnGroup  sfName="X3X"  sfDescription="solution variable"  sfLBound="1"  sfUBound="nMon"  sfFpmlTag="r:steps">  <sfColumn sfName="RanMonitorDates"/> </sfColumnGroup> 
<sfColumnGroup  sfName="X4X"  sfDescription="solution variable"  sfLBound="1"  sfUBound="nRst"  sfFpmlTag="r:steps">  <sfColumn sfName="RanResetDates"/> </sfColumnGroup> 
<sfColumnGroup  sfName="X5X"  sfDescription="solution variable and solution variable"  sfLBound="0"  sfUBound="nZero"  sfFpmlTag="r:steps">  <sfColumn sfName="zDates"/>  <sfColumn sfName="zRates"/> </sfColumnGroup> 
 
 <sfInstallation  sfCompanyName="SciComp Inc" sfUserName="\:c601\:c5c5" />
</sfFunction> 