<files>
<file name="pcinit.dat" description="Test data for model" type="3"/>
<file name="ZCCBond1.cpp" description="C++ code for model" type="1"/>
<file name="ZCCBond1.h" description="Header file for model" type="2"/>
<file name="ZCCBond1.log" description="Log file for model synthesis" type="6"/>
<file name="ZCCBond1Main.cpp" description="(Main) C++ code for model" type="1"/>
<file name="ZCCBond1.sln" description="Project file for command line test harness" type="4"/>
<file name="ZCCBond1.vcxproj" description="Project file for command line test harness" type="4"/>
<file name="ZCCBond1.xml" description="XML file describing model" type="5"/>
</files>
