<?xml version="1.0" standalone="yes"?>
<sfFunction sfName="ZCCBond1" sfHeaderFile="ZCCBond1.h" sfCFile="ZCCBond1.cpp" sfInstrument=" Zero-coupon convertible bond with par redemption, two-tier protected call, discrete put, and a simple credit spread model " >
<sfAttrib sfName="sfCodeModel" sfValue="SciArray"/>
<sfXlpGen> 
<xlpStyleSheet> scixl.xsl</xlpStyleSheet> 
<xlpXmlFile> ZCCBond1-xlpgen.xml</xlpXmlFile> 
<xlpProjectSrcDir> project-files</xlpProjectSrcDir> 
<xlpProjectDestDir> . </xlpProjectDestDir> 
<xlpAddinCppFile> ZCCBond1xl.cpp</xlpAddinCppFile> 
<xlpAddinHFile> ZCCBond1xl.h</xlpAddinHFile> 
<xlpXlsFile xlpTarget="ZCCBond1-demo.xls" />  
</sfXlpGen> 
<sfInput   sfName="accuracy"  sfDataType="double" sfDims="0"  sfDescription="solution variable"  sfDefault="0.0"  sfFpmlTag=""/> 
<sfInput   sfName="callTrigger"  sfDataType="double" sfDims="0"  sfDescription="solution variable"  sfDefault="0.0"  sfFpmlTag=""/> 
<sfInput   sfName="CR"  sfDataType="double" sfDims="0"  sfDescription="solution variable"  sfDefault="0.0"  sfFpmlTag=""/> 
<sfInput   sfName="D0"  sfDataType="double" sfDims="0"  sfDescription="solution variable"  sfDefault="0.0"  sfFpmlTag=""/> 
<sfInput   sfName="iMax"  sfDataType="long" sfDims="0"  sfDescription="number of grid cells for x"  sfDefault="10"  sfFpmlTag=""/> 
<sfInput   sfName="nacc"  sfDataType="long" sfDims="0"  sfDescription="solution variable"  sfDefault="10"  sfFpmlTag=""/> 
<sfInput   sfName="nMax"  sfDataType="long" sfDims="0"  sfDescription="number of grid cells for tau"  sfDefault="-999"  sfFpmlTag=""/> 
<sfInput   sfName="nput"  sfDataType="long" sfDims="0"  sfDescription="solution variable"  sfDefault="10"  sfFpmlTag=""/> 
<sfInput   sfName="parValue"  sfDataType="double" sfDims="0"  sfDescription="solution variable"  sfDefault="0.0"  sfFpmlTag=""/> 
<sfInput   sfName="racc"  sfDataType="double" sfDims="0"  sfDescription="solution variable"  sfDefault="0.0"  sfFpmlTag=""/> 
<sfInput   sfName="rfree"  sfDataType="double" sfDims="0"  sfDescription="solution variable"  sfDefault="0.0"  sfFpmlTag=""/> 
<sfInput   sfName="rspread"  sfDataType="double" sfDims="0"  sfDescription="solution variable"  sfDefault="0.0"  sfFpmlTag=""/> 
<sfInput   sfName="sigma"  sfDataType="double" sfDims="0"  sfDescription="solution variable"  sfDefault="0.0"  sfFpmlTag=""/> 
<sfInput   sfName="Spot"  sfDataType="double" sfDims="0"  sfDescription="solution variable"  sfDefault="0.0"  sfFpmlTag=""/> 
<sfInput   sfName="tCall1"  sfDataType="double" sfDims="0"  sfDescription="solution variable"  sfDefault="0.0"  sfFpmlTag=""> <sfAttrib sfName="date" sfValue="1"/> </sfInput>
<sfInput   sfName="tCall2"  sfDataType="double" sfDims="0"  sfDescription="solution variable"  sfDefault="0.0"  sfFpmlTag=""> <sfAttrib sfName="date" sfValue="1"/> </sfInput>
<sfInput   sfName="TMax"  sfDataType="double" sfDims="0"  sfDescription="minimum physical value in dimension tau"  sfDefault="0.0"  sfFpmlTag=""> <sfAttrib sfName="date" sfValue="1"/> </sfInput>
<sfInput   sfName="tolSOR"  sfDataType="double" sfDims="0"  sfDescription="solution variable"  sfDefault="0.00000001"  sfFpmlTag=""/> 
<sfInput   sfName="tPut"  sfDataType="double" sfDims="1"  sfLBound="1"  sfUBound="nput"  sfDescription="Sample array for Exercise"  sfDefault="0.0"  sfFpmlTag=""> <sfAttrib sfName="date" sfValue="1"/> </sfInput>
<sfInput   sfName="xMax"  sfDataType="double" sfDims="0"  sfDescription="maximum physical value in dimension x"  sfDefault="-999."  sfFpmlTag=""/> 
<sfInput   sfName="xMin"  sfDataType="double" sfDims="0"  sfDescription="minimum physical value in dimension x"  sfDefault="-999."  sfFpmlTag=""/> 
<sfOutput   sfName="Deltax"  sfDataType="double" sfDims="0"  sfDescription="solution variable"  sfFpmlTag=""/> 
<sfOutput   sfName="Delta2x"  sfDataType="double" sfDims="1"  sfLBound="0"  sfUBound="10"  sfDescription="output variable for der[V, {x, 1}]/J"  sfFpmlTag=""/> 
<sfOutput   sfName="Gammax"  sfDataType="double" sfDims="0"  sfDescription="solution variable"  sfFpmlTag=""/> 
<sfOutput   sfName="Gamma1x"  sfDataType="double" sfDims="1"  sfLBound="0"  sfUBound="10"  sfDescription="output variable for der[der[V, {x, 1}]/J, {x, 1}]/J"  sfFpmlTag=""/> 
<sfOutput   sfName="Sx"  sfDataType="double" sfDims="1"  sfLBound="0"  sfUBound="10"  sfDescription="solution variable"  sfFpmlTag=""/> 
<sfOutput   sfName="Vx"  sfDataType="double" sfDims="1"  sfLBound="0"  sfUBound="10"  sfDescription="solution variable"  sfFpmlTag=""/> 
<sfOutput   sfName="V1x"  sfDataType="double" sfDims="0"  sfDescription="solution variable"  sfFpmlTag=""/> 
<sfColumnGroup  sfName="XtPut"  sfDescription="Sample array for Exercise"  sfLBound="1"  sfUBound="nput"  sfFpmlTag="r:steps">  <sfColumn sfName="tPut"/> </sfColumnGroup> 
 
 <sfInstallation  sfCompanyName="SciComp Inc" sfUserName="\:c601\:c5c5" />
</sfFunction> 