<?xml version="1.0" standalone="yes"?>
<sfFunction sfName="mcG2CallCMSSnowbearNote1" sfHeaderFile="mcG2CallCMSSnowbearNote1.h" sfCFile="mcG2CallCMSSnowbearNote1.cpp" sfInstrument="mcG2CallCMSSnowbearNote1 option" >
<sfAttrib sfName="sfCodeModel" sfValue="SciArray"/>
<sfXlpGen> 
<xlpStyleSheet> scixl.xsl</xlpStyleSheet> 
<xlpXmlFile> mcG2CallCMSSnowbearNote1-xlpgen.xml</xlpXmlFile> 
<xlpProjectSrcDir> project-files</xlpProjectSrcDir> 
<xlpProjectDestDir> . </xlpProjectDestDir> 
<xlpAddinCppFile> mcG2CallCMSSnowbearNote1xl.cpp</xlpAddinCppFile> 
<xlpAddinHFile> mcG2CallCMSSnowbearNote1xl.h</xlpAddinHFile> 
<xlpXlsFile xlpTarget="mcG2CallCMSSnowbearNote1-demo.xls" />  
</sfXlpGen> 
<sfInput   sfName="AccrualCms"  sfDataType="double" sfDims="1"  sfLBound="1"  sfUBound="nCpn"  sfDescription="solution variable"  sfDefault="0.0"  sfFpmlTag=""/> 
<sfInput   sfName="CallPrice"  sfDataType="double" sfDims="0"  sfDescription="solution variable"  sfDefault="0.0"  sfFpmlTag=""/> 
<sfInput   sfName="CmsInitCoupon"  sfDataType="double" sfDims="0"  sfDescription="solution variable"  sfDefault="0.0"  sfFpmlTag=""/> 
<sfInput   sfName="CmsResetDates"  sfDataType="double" sfDims="1"  sfLBound="1"  sfUBound="nRst"  sfDescription="solution variable"  sfDefault="0.0"  sfFpmlTag=""> <sfAttrib sfName="date" sfValue="1"/> </sfInput>
<sfInput   sfName="ExerciseDates"  sfDataType="double" sfDims="1"  sfLBound="1"  sfUBound="nExer"  sfDescription="solution variable"  sfDefault="0.0"  sfFpmlTag=""> <sfAttrib sfName="date" sfValue="1"/> </sfInput>
<sfInput   sfName="Flr"  sfDataType="double" sfDims="1"  sfLBound="1"  sfUBound="nCpn"  sfDescription="solution variable"  sfDefault="0.0"  sfFpmlTag=""/> 
<sfInput   sfName="Gear1"  sfDataType="double" sfDims="1"  sfLBound="1"  sfUBound="nCpn"  sfDescription="solution variable"  sfDefault="0.0"  sfFpmlTag=""/> 
<sfInput   sfName="Gear2"  sfDataType="double" sfDims="1"  sfLBound="1"  sfUBound="nCpn"  sfDescription="solution variable"  sfDefault="0.0"  sfFpmlTag=""/> 
<sfInput   sfName="kappa1"  sfDataType="double" sfDims="0"  sfDescription="solution variable"  sfDefault="0.0"  sfFpmlTag=""/> 
<sfInput   sfName="kappa2"  sfDataType="double" sfDims="0"  sfDescription="solution variable"  sfDefault="0.0"  sfFpmlTag=""/> 
<sfInput   sfName="maxord1"  sfDataType="long" sfDims="0"  sfDescription="solution variable"  sfDefault="10"  sfFpmlTag=""/> 
<sfInput   sfName="maxord2"  sfDataType="long" sfDims="0"  sfDescription="solution variable"  sfDefault="10"  sfFpmlTag=""/> 
<sfInput   sfName="maxord3"  sfDataType="long" sfDims="0"  sfDescription="solution variable"  sfDefault="10"  sfFpmlTag=""/> 
<sfInput   sfName="nCMS"  sfDataType="long" sfDims="0"  sfDescription="solution variable"  sfDefault="10"  sfFpmlTag=""/> 
<sfInput   sfName="nCpn"  sfDataType="long" sfDims="0"  sfDescription="solution variable"  sfDefault="10"  sfFpmlTag=""/> 
<sfInput   sfName="nExer"  sfDataType="long" sfDims="0"  sfDescription="solution variable"  sfDefault="10"  sfFpmlTag=""/> 
<sfInput   sfName="nMax"  sfDataType="long" sfDims="0"  sfDescription="number of grid cells for t"  sfDefault="10"  sfFpmlTag=""/> 
<sfInput   sfName="Notional"  sfDataType="double" sfDims="0"  sfDescription="solution variable"  sfDefault="0.0"  sfFpmlTag=""/> 
<sfInput   sfName="nRst"  sfDataType="long" sfDims="0"  sfDescription="solution variable"  sfDefault="10"  sfFpmlTag=""/> 
<sfInput   sfName="nZero"  sfDataType="long" sfDims="0"  sfDescription="solution variable"  sfDefault="10"  sfFpmlTag=""/> 
<sfInput   sfName="PastCms"  sfDataType="double" sfDims="0"  sfDescription="solution variable"  sfDefault="0.0"  sfFpmlTag=""/> 
<sfInput   sfName="PaymentDates"  sfDataType="double" sfDims="1"  sfLBound="1"  sfUBound="nCpn"  sfDescription="solution variable"  sfDefault="0.0"  sfFpmlTag=""> <sfAttrib sfName="date" sfValue="1"/> </sfInput>
<sfInput   sfName="pMax"  sfDataType="long" sfDims="0"  sfDescription="maximum for path"  sfDefault="10"  sfFpmlTag=""/> 
<sfInput   sfName="rho12"  sfDataType="double" sfDims="0"  sfDescription="solution variable"  sfDefault="0.0"  sfFpmlTag=""/> 
<sfInput   sfName="Series"  sfDataType="long" sfDims="0"  sfDescription="solution variable"  sfDefault="10"  sfFpmlTag=""/> 
<sfInput   sfName="sigma1"  sfDataType="double" sfDims="0"  sfDescription="solution variable"  sfDefault="0.0"  sfFpmlTag=""/> 
<sfInput   sfName="sigma2"  sfDataType="double" sfDims="0"  sfDescription="solution variable"  sfDefault="0.0"  sfFpmlTag=""/> 
<sfInput   sfName="Spread"  sfDataType="double" sfDims="1"  sfLBound="1"  sfUBound="nCpn"  sfDescription="solution variable"  sfDefault="0.0"  sfFpmlTag=""/> 
<sfInput   sfName="tauCMS"  sfDataType="double" sfDims="0"  sfDescription="solution variable"  sfDefault="0.0"  sfFpmlTag=""/> 
<sfInput   sfName="zDates"  sfDataType="double" sfDims="1"  sfLBound="0"  sfUBound="nZero"  sfDescription="solution variable"  sfDefault="0.0"  sfFpmlTag=""> <sfAttrib sfName="date" sfValue="1"/> </sfInput>
<sfInput   sfName="zRates"  sfDataType="double" sfDims="1"  sfLBound="0"  sfUBound="nZero"  sfDescription="solution variable"  sfDefault="0.0"  sfFpmlTag=""/> 
<sfOutput   sfName="Vx"  sfDataType="double" sfDims="0"  sfDescription="discounted value"  sfFpmlTag=""/> 
<sfColumnGroup  sfName="X1X"  sfDescription="solution variable"  sfLBound="1"  sfUBound="nRst"  sfFpmlTag="r:steps">  <sfColumn sfName="CmsResetDates"/> </sfColumnGroup> 
<sfColumnGroup  sfName="X2X"  sfDescription="solution variable, solution variable, solution variable, solution variable, solution variable and solution variable"  sfLBound="1"  sfUBound="nCpn"  sfFpmlTag="r:steps">  <sfColumn sfName="PaymentDates"/>  <sfColumn sfName="Gear1"/>  <sfColumn sfName="Gear2"/>  <sfColumn sfName="Flr"/>  <sfColumn sfName="Spread"/>  <sfColumn sfName="AccrualCms"/> </sfColumnGroup> 
<sfColumnGroup  sfName="X3X"  sfDescription="solution variable"  sfLBound="1"  sfUBound="nExer"  sfFpmlTag="r:steps">  <sfColumn sfName="ExerciseDates"/> </sfColumnGroup> 
<sfColumnGroup  sfName="X4X"  sfDescription="solution variable and solution variable"  sfLBound="0"  sfUBound="nZero"  sfFpmlTag="r:steps">  <sfColumn sfName="zDates"/>  <sfColumn sfName="zRates"/> </sfColumnGroup> 
 
 <sfInstallation  sfCompanyName="SciComp Inc" sfUserName="\:c601\:c5c5" />
</sfFunction> 