<?xml version="1.0" standalone="yes"?>
<sfFunction sfName="mcG1CallRatchetNote1" sfHeaderFile="mcG1CallRatchetNote1.h" sfCFile="mcG1CallRatchetNote1.cpp" sfInstrument=" bullet (Bermudan) callable ratchet cap note under a one-factor Gaussian, short-rate model " >
<sfAttrib sfName="sfCodeModel" sfValue="SciArray"/>
<sfXlpGen> 
<xlpStyleSheet> scixl.xsl</xlpStyleSheet> 
<xlpXmlFile> mcG1CallRatchetNote1-xlpgen.xml</xlpXmlFile> 
<xlpProjectSrcDir> project-files</xlpProjectSrcDir> 
<xlpProjectDestDir> . </xlpProjectDestDir> 
<xlpAddinCppFile> mcG1CallRatchetNote1xl.cpp</xlpAddinCppFile> 
<xlpAddinHFile> mcG1CallRatchetNote1xl.h</xlpAddinHFile> 
<xlpXlsFile xlpTarget="mcG1CallRatchetNote1-demo.xls" />  
</sfXlpGen> 
<sfInput   sfName="CallPrice"  sfDataType="double" sfDims="0"  sfDescription="solution variable"  sfDefault="0.0"  sfFpmlTag=""/> 
<sfInput   sfName="CouponDates"  sfDataType="double" sfDims="1"  sfLBound="1"  sfUBound="nCoup"  sfDescription="solution variable"  sfDefault="0.0"  sfFpmlTag=""> <sfAttrib sfName="date" sfValue="1"/> </sfInput>
<sfInput   sfName="Flr"  sfDataType="double" sfDims="0"  sfDescription="solution variable"  sfDefault="0.0"  sfFpmlTag=""/> 
<sfInput   sfName="Gear"  sfDataType="double" sfDims="1"  sfLBound="1"  sfUBound="nCoup"  sfDescription="solution variable"  sfDefault="0.0"  sfFpmlTag=""/> 
<sfInput   sfName="isCallable"  sfDataType="boolean" sfDims="1"  sfLBound="1"  sfUBound="nCoup"  sfDescription="solution variable"  sfDefault="10"  sfFpmlTag=""/> 
<sfInput   sfName="kappa"  sfDataType="double" sfDims="0"  sfDescription="solution variable"  sfDefault="0.0"  sfFpmlTag=""/> 
<sfInput   sfName="maxord1"  sfDataType="long" sfDims="0"  sfDescription="solution variable"  sfDefault="10"  sfFpmlTag=""/> 
<sfInput   sfName="maxord2"  sfDataType="long" sfDims="0"  sfDescription="solution variable"  sfDefault="10"  sfFpmlTag=""/> 
<sfInput   sfName="nCoup"  sfDataType="long" sfDims="0"  sfDescription="solution variable"  sfDefault="10"  sfFpmlTag=""/> 
<sfInput   sfName="nCurve"  sfDataType="long" sfDims="0"  sfDescription="solution variable"  sfDefault="10"  sfFpmlTag=""/> 
<sfInput   sfName="nMax"  sfDataType="long" sfDims="0"  sfDescription="number of grid cells for t"  sfDefault="10"  sfFpmlTag=""/> 
<sfInput   sfName="Notional"  sfDataType="double" sfDims="0"  sfDescription="solution variable"  sfDefault="0.0"  sfFpmlTag=""/> 
<sfInput   sfName="pMax"  sfDataType="long" sfDims="0"  sfDescription="maximum for path"  sfDefault="10"  sfFpmlTag=""/> 
<sfInput   sfName="pMaxI"  sfDataType="long" sfDims="0"  sfDescription="maximum for pathI"  sfDefault="10"  sfFpmlTag=""/> 
<sfInput   sfName="prevFixing"  sfDataType="double" sfDims="0"  sfDescription="solution variable"  sfDefault="0.0"  sfFpmlTag=""/> 
<sfInput   sfName="prevResetDate"  sfDataType="double" sfDims="0"  sfDescription="solution variable"  sfDefault="0.0"  sfFpmlTag=""/> 
<sfInput   sfName="Ratchet"  sfDataType="double" sfDims="1"  sfLBound="1"  sfUBound="nCoup"  sfDescription="solution variable"  sfDefault="0.0"  sfFpmlTag=""/> 
<sfInput   sfName="Series"  sfDataType="long" sfDims="0"  sfDescription="solution variable"  sfDefault="10"  sfFpmlTag=""/> 
<sfInput   sfName="sigma"  sfDataType="double" sfDims="0"  sfDescription="solution variable"  sfDefault="0.0"  sfFpmlTag=""/> 
<sfInput   sfName="Spread"  sfDataType="double" sfDims="1"  sfLBound="1"  sfUBound="nCoup"  sfDescription="solution variable"  sfDefault="0.0"  sfFpmlTag=""/> 
<sfInput   sfName="TCurve"  sfDataType="double" sfDims="1"  sfLBound="0"  sfUBound="nCurve"  sfDescription="solution variable"  sfDefault="0.0"  sfFpmlTag=""> <sfAttrib sfName="date" sfValue="1"/> </sfInput>
<sfInput   sfName="ZCurve"  sfDataType="double" sfDims="1"  sfLBound="0"  sfUBound="nCurve"  sfDescription="solution variable"  sfDefault="0.0"  sfFpmlTag=""/> 
<sfOutput   sfName="Vx"  sfDataType="double" sfDims="0"  sfDescription="discounted value"  sfFpmlTag=""/> 
<sfColumnGroup  sfName="XCouponDates"  sfDescription="solution variable, solution variable, solution variable, solution variable and solution variable"  sfLBound="1"  sfUBound="nCoup"  sfFpmlTag="r:steps">  <sfColumn sfName="CouponDates"/>  <sfColumn sfName="Gear"/>  <sfColumn sfName="Spread"/>  <sfColumn sfName="Ratchet"/>  <sfColumn sfName="isCallable"/> </sfColumnGroup> 
<sfColumnGroup  sfName="XZCurve"  sfDescription="solution variable and solution variable"  sfLBound="0"  sfUBound="nCurve"  sfFpmlTag="r:steps">  <sfColumn sfName="TCurve"/>  <sfColumn sfName="ZCurve"/> </sfColumnGroup> 
 
 <sfInstallation  sfCompanyName="SciComp Inc" sfUserName="\:c601\:c5c5" />
</sfFunction> 