<?xml version="1.0" standalone="yes"?>
<sfFunction sfName="mcDividends1" sfHeaderFile="mcDividends1.h" sfCFile="mcDividends1.cpp" sfInstrument="mcDividends1 option" >
<sfAttrib sfName="sfCodeModel" sfValue="SciArray"/>
<sfXlpGen> 
<xlpStyleSheet> scixl.xsl</xlpStyleSheet> 
<xlpXmlFile> mcDividends1-xlpgen.xml</xlpXmlFile> 
<xlpProjectSrcDir> project-files</xlpProjectSrcDir> 
<xlpProjectDestDir> . </xlpProjectDestDir> 
<xlpAddinCppFile> mcDividends1xl.cpp</xlpAddinCppFile> 
<xlpAddinHFile> mcDividends1xl.h</xlpAddinHFile> 
<xlpXlsFile xlpTarget="mcDividends1-demo.xls" />  
</sfXlpGen> 
<sfInput   sfName="DivAmounts1"  sfDataType="double" sfDims="1"  sfLBound="1"  sfUBound="nDiv1"  sfDescription="solution variable"  sfDefault="0.0"  sfFpmlTag=""/> 
<sfInput   sfName="DivAmounts3"  sfDataType="double" sfDims="1"  sfLBound="1"  sfUBound="nDiv3"  sfDescription="solution variable"  sfDefault="0.0"  sfFpmlTag=""/> 
<sfInput   sfName="DivAmounts4"  sfDataType="double" sfDims="1"  sfLBound="1"  sfUBound="nDiv4"  sfDescription="solution variable"  sfDefault="0.0"  sfFpmlTag=""/> 
<sfInput   sfName="DivDates1"  sfDataType="double" sfDims="1"  sfLBound="1"  sfUBound="nDiv1"  sfDescription="solution variable"  sfDefault="0.0"  sfFpmlTag=""> <sfAttrib sfName="date" sfValue="1"/> </sfInput>
<sfInput   sfName="DivDates2"  sfDataType="double" sfDims="1"  sfLBound="1"  sfUBound="nDiv2"  sfDescription="solution variable"  sfDefault="0.0"  sfFpmlTag=""> <sfAttrib sfName="date" sfValue="1"/> </sfInput>
<sfInput   sfName="DivDates3"  sfDataType="double" sfDims="1"  sfLBound="1"  sfUBound="nDiv3"  sfDescription="solution variable"  sfDefault="0.0"  sfFpmlTag=""> <sfAttrib sfName="date" sfValue="1"/> </sfInput>
<sfInput   sfName="DivDates4"  sfDataType="double" sfDims="1"  sfLBound="1"  sfUBound="nDiv4"  sfDescription="solution variable"  sfDefault="0.0"  sfFpmlTag=""> <sfAttrib sfName="date" sfValue="1"/> </sfInput>
<sfInput   sfName="DivRates2"  sfDataType="double" sfDims="1"  sfLBound="1"  sfUBound="nDiv2"  sfDescription="solution variable"  sfDefault="0.0"  sfFpmlTag=""/> 
<sfInput   sfName="DivRates4"  sfDataType="double" sfDims="1"  sfLBound="1"  sfUBound="nDiv4"  sfDescription="solution variable"  sfDefault="0.0"  sfFpmlTag=""/> 
<sfInput   sfName="K"  sfDataType="double" sfDims="0"  sfDescription="solution variable"  sfDefault="0.0"  sfFpmlTag=""/> 
<sfInput   sfName="nDiv1"  sfDataType="long" sfDims="0"  sfDescription="solution variable"  sfDefault="10"  sfFpmlTag=""/> 
<sfInput   sfName="nDiv2"  sfDataType="long" sfDims="0"  sfDescription="solution variable"  sfDefault="10"  sfFpmlTag=""/> 
<sfInput   sfName="nDiv3"  sfDataType="long" sfDims="0"  sfDescription="solution variable"  sfDefault="10"  sfFpmlTag=""/> 
<sfInput   sfName="nDiv4"  sfDataType="long" sfDims="0"  sfDescription="solution variable"  sfDefault="10"  sfFpmlTag=""/> 
<sfInput   sfName="pMax"  sfDataType="long" sfDims="0"  sfDescription="maximum for path"  sfDefault="10"  sfFpmlTag=""/> 
<sfInput   sfName="put"  sfDataType="boolean" sfDims="0"  sfDescription="solution variable"  sfDefault="10"  sfFpmlTag=""/> 
<sfInput   sfName="r"  sfDataType="double" sfDims="0"  sfDescription="discount rate"  sfDefault="0.0"  sfFpmlTag=""/> 
<sfInput   sfName="Seed"  sfDataType="long" sfDims="0"  sfDescription="solution variable"  sfDefault="10"  sfFpmlTag=""/> 
<sfInput   sfName="sigma"  sfDataType="double" sfDims="0"  sfDescription="solution variable"  sfDefault="0.0"  sfFpmlTag=""/> 
<sfInput   sfName="Spot"  sfDataType="double" sfDims="0"  sfDescription="solution variable"  sfDefault="0.0"  sfFpmlTag=""/> 
<sfInput   sfName="SwitchDate"  sfDataType="double" sfDims="0"  sfDescription="solution variable"  sfDefault="0.0"  sfFpmlTag=""> <sfAttrib sfName="date" sfValue="1"/> </sfInput>
<sfInput   sfName="TMax"  sfDataType="double" sfDims="0"  sfDescription="maximum time"  sfDefault="0.0"  sfFpmlTag=""> <sfAttrib sfName="date" sfValue="1"/> </sfInput>
<sfOutput   sfName="devx"  sfDataType="double" sfDims="0"  sfDescription="standard deviation error estimate"  sfFpmlTag=""/> 
<sfOutput   sfName="Vx"  sfDataType="double" sfDims="0"  sfDescription="discounted value"  sfFpmlTag=""/> 
<sfColumnGroup  sfName="XDividends1"  sfDescription="solution variable and solution variable"  sfLBound="1"  sfUBound="nDiv1"  sfFpmlTag="r:steps">  <sfColumn sfName="DivDates1"/>  <sfColumn sfName="DivAmounts1"/> </sfColumnGroup> 
<sfColumnGroup  sfName="XDividends2"  sfDescription="solution variable and solution variable"  sfLBound="1"  sfUBound="nDiv2"  sfFpmlTag="r:steps">  <sfColumn sfName="DivDates2"/>  <sfColumn sfName="DivRates2"/> </sfColumnGroup> 
<sfColumnGroup  sfName="XDividends3"  sfDescription="solution variable and solution variable"  sfLBound="1"  sfUBound="nDiv3"  sfFpmlTag="r:steps">  <sfColumn sfName="DivDates3"/>  <sfColumn sfName="DivAmounts3"/> </sfColumnGroup> 
<sfColumnGroup  sfName="XDividends4"  sfDescription="solution variable, solution variable and solution variable"  sfLBound="1"  sfUBound="nDiv4"  sfFpmlTag="r:steps">  <sfColumn sfName="DivDates4"/>  <sfColumn sfName="DivAmounts4"/>  <sfColumn sfName="DivRates4"/> </sfColumnGroup> 
 
 <sfInstallation  sfCompanyName="SciComp Inc" sfUserName="\:c601\:c5c5" />
</sfFunction> 