<?xml version="1.0" standalone="yes"?>
<sfFunction sfName="mcCLO" sfHeaderFile="mcCLO.h" sfCFile="mcCLO.cpp" sfInstrument=" collateralized loan obligation using Monte Carlo and Li's method; specifies cashflow CDOs, floating rate loans." >
<sfAttrib sfName="sfCodeModel" sfValue="SciArray"/>
<sfXlpGen> 
<xlpStyleSheet> scixl.xsl</xlpStyleSheet> 
<xlpXmlFile> mcCLO-xlpgen.xml</xlpXmlFile> 
<xlpProjectSrcDir> project-files</xlpProjectSrcDir> 
<xlpProjectDestDir> . </xlpProjectDestDir> 
<xlpAddinCppFile> mcCLOxl.cpp</xlpAddinCppFile> 
<xlpAddinHFile> mcCLOxl.h</xlpAddinHFile> 
<xlpXlsFile xlpTarget="mcCLO-demo.xls" />  
</sfXlpGen> 
<sfInput   sfName="alpha"  sfDataType="long" sfDims="0"  sfDescription="solution variable"  sfDefault="10"  sfFpmlTag=""/> 
<sfInput   sfName="Amrt"  sfDataType="boolean" sfDims="1"  sfLBound="1"  sfUBound="nD"  sfDescription="solution variable"  sfDefault="10"  sfFpmlTag=""/> 
<sfInput   sfName="Cap"  sfDataType="double" sfDims="1"  sfLBound="1"  sfUBound="nD"  sfDescription="solution variable"  sfDefault="0.0"  sfFpmlTag=""/> 
<sfInput   sfName="CopR"  sfDataType="double" sfDims="2"  sfLBound="1"  sfUBound="nD"  sfLBound2="1"  sfUBound2="nD"  sfDescription="solution variable"  sfDefault="0.0"  sfFpmlTag=""/> 
<sfInput   sfName="Cp"  sfDataType="double" sfDims="1"  sfLBound="1"  sfUBound="nT"  sfDescription="solution variable"  sfDefault="0.0"  sfFpmlTag=""/> 
<sfInput   sfName="CPR"  sfDataType="double" sfDims="1"  sfLBound="1"  sfUBound="nD"  sfDescription="solution variable"  sfDefault="0.0"  sfFpmlTag=""/> 
<sfInput   sfName="DefInit"  sfDataType="boolean" sfDims="1"  sfLBound="1"  sfUBound="nD"  sfDescription="solution variable"  sfDefault="10"  sfFpmlTag=""/> 
<sfInput   sfName="DSwitch"  sfDataType="boolean" sfDims="1"  sfLBound="1"  sfUBound="nD"  sfDescription="solution variable"  sfDefault="10"  sfFpmlTag=""/> 
<sfInput   sfName="FInit"  sfDataType="double" sfDims="1"  sfLBound="1"  sfUBound="nT"  sfDescription="solution variable"  sfDefault="0.0"  sfFpmlTag=""/> 
<sfInput   sfName="Flr"  sfDataType="double" sfDims="1"  sfLBound="1"  sfUBound="nD"  sfDescription="solution variable"  sfDefault="0.0"  sfFpmlTag=""/> 
<sfInput   sfName="Frq"  sfDataType="double" sfDims="1"  sfLBound="1"  sfUBound="nD"  sfDescription="solution variable"  sfDefault="0.0"  sfFpmlTag=""/> 
<sfInput   sfName="greekFD"  sfDataType="double" sfDims="0"  sfDescription="solution variable"  sfDefault="0.0"  sfFpmlTag=""/> 
<sfInput   sfName="h"  sfDataType="double" sfDims="1"  sfLBound="1"  sfUBound="nD"  sfDescription="solution variable"  sfDefault="0.0"  sfFpmlTag=""/> 
<sfInput   sfName="ICT"  sfDataType="double" sfDims="1"  sfLBound="1"  sfUBound="nT"  sfDescription="solution variable"  sfDefault="0.0"  sfFpmlTag=""/> 
<sfInput   sfName="leap"  sfDataType="long" sfDims="0"  sfDescription="solution variable"  sfDefault="10"  sfFpmlTag=""/> 
<sfInput   sfName="Load"  sfDataType="double" sfDims="1"  sfLBound="1"  sfUBound="nT"  sfDescription="solution variable"  sfDefault="0.0"  sfFpmlTag=""/> 
<sfInput   sfName="nCoupTot"  sfDataType="long" sfDims="0"  sfDescription="solution variable"  sfDefault="10"  sfFpmlTag=""/> 
<sfInput   sfName="nD"  sfDataType="long" sfDims="0"  sfDescription="solution variable"  sfDefault="10"  sfFpmlTag=""/> 
<sfInput   sfName="nPrdsTot"  sfDataType="long" sfDims="1"  sfLBound="1"  sfUBound="nD"  sfDescription="solution variable"  sfDefault="10"  sfFpmlTag=""/> 
<sfInput   sfName="nT"  sfDataType="long" sfDims="0"  sfDescription="solution variable"  sfDefault="10"  sfFpmlTag=""/> 
<sfInput   sfName="nZ"  sfDataType="long" sfDims="0"  sfDescription="solution variable"  sfDefault="10"  sfFpmlTag=""/> 
<sfInput   sfName="OCT"  sfDataType="double" sfDims="1"  sfLBound="1"  sfUBound="nT"  sfDescription="solution variable"  sfDefault="0.0"  sfFpmlTag=""/> 
<sfInput   sfName="Par"  sfDataType="double" sfDims="1"  sfLBound="1"  sfUBound="nD"  sfDescription="solution variable"  sfDefault="0.0"  sfFpmlTag=""/> 
<sfInput   sfName="PerCap"  sfDataType="double" sfDims="1"  sfLBound="1"  sfUBound="nD"  sfDescription="solution variable"  sfDefault="0.0"  sfFpmlTag=""/> 
<sfInput   sfName="pMax"  sfDataType="long" sfDims="0"  sfDescription="maximum for path"  sfDefault="10"  sfFpmlTag=""/> 
<sfInput   sfName="PurchPrice"  sfDataType="double" sfDims="1"  sfLBound="1"  sfUBound="nD"  sfDescription="solution variable"  sfDefault="0.0"  sfFpmlTag=""/> 
<sfInput   sfName="r"  sfDataType="double" sfDims="0"  sfDescription="solution variable"  sfDefault="0.0"  sfFpmlTag=""/> 
<sfInput   sfName="r0"  sfDataType="double" sfDims="1"  sfLBound="1"  sfUBound="nD"  sfDescription="solution variable"  sfDefault="0.0"  sfFpmlTag=""/> 
<sfInput   sfName="Spread"  sfDataType="double" sfDims="1"  sfLBound="1"  sfUBound="nD"  sfDescription="solution variable"  sfDefault="0.0"  sfFpmlTag=""/> 
<sfInput   sfName="sskip"  sfDataType="long" sfDims="0"  sfDescription="solution variable"  sfDefault="10"  sfFpmlTag=""/> 
<sfInput   sfName="StartDate"  sfDataType="double" sfDims="0"  sfDescription="solution variable"  sfDefault="0.0"  sfFpmlTag=""> <sfAttrib sfName="date" sfValue="1"/> </sfInput>
<sfInput   sfName="TCurve"  sfDataType="double" sfDims="1"  sfLBound="1"  sfUBound="nZ"  sfDescription="solution variable"  sfDefault="0.0"  sfFpmlTag=""> <sfAttrib sfName="date" sfValue="1"/> </sfInput>
<sfInput   sfName="ZCurve"  sfDataType="double" sfDims="1"  sfLBound="1"  sfUBound="nZ"  sfDescription="solution variable"  sfDefault="0.0"  sfFpmlTag=""/> 
<sfOutput   sfName="Deltax"  sfDataType="double" sfDims="2"  sfLBound="1"  sfUBound="nD"  sfLBound2="1"  sfUBound2="10"  sfDescription="solution variable"  sfFpmlTag=""/> 
<sfOutput   sfName="FMcAvex"  sfDataType="double" sfDims="2"  sfLBound="1"  sfUBound="nT"  sfLBound2="1"  sfUBound2="10"  sfDescription="McAve value for F"  sfFpmlTag=""/> 
<sfOutput   sfName="IPayMcAvex"  sfDataType="double" sfDims="2"  sfLBound="1"  sfUBound="nT"  sfLBound2="1"  sfUBound2="10"  sfDescription="McAve value for IPay"  sfFpmlTag=""/> 
<sfOutput   sfName="Notex"  sfDataType="double" sfDims="1"  sfLBound="1"  sfUBound="10"  sfDescription="discounted value"  sfFpmlTag=""/> 
<sfOutput   sfName="PPayMcAvex"  sfDataType="double" sfDims="2"  sfLBound="1"  sfUBound="nT"  sfLBound2="1"  sfUBound2="10"  sfDescription="McAve value for PPay"  sfFpmlTag=""/> 
<sfOutput   sfName="TotLossMcAvex"  sfDataType="double" sfDims="1"  sfLBound="1"  sfUBound="10"  sfDescription="McAve value for TotLoss"  sfFpmlTag=""/> 
<sfColumnGroup  sfName="XDefInit"  sfDescription="solution variable"  sfLBound="1"  sfUBound="nD"  sfFpmlTag="r:steps">  <sfColumn sfName="DefInit"/> </sfColumnGroup> 
<sfColumnGroup  sfName="XDSwitch"  sfDescription="solution variable"  sfLBound="1"  sfUBound="nD"  sfFpmlTag="r:steps">  <sfColumn sfName="DSwitch"/> </sfColumnGroup> 
<sfColumnGroup  sfName="XFInit"  sfDescription="solution variable"  sfLBound="1"  sfUBound="nT"  sfFpmlTag="r:steps">  <sfColumn sfName="FInit"/> </sfColumnGroup> 
<sfColumnGroup  sfName="XhCurves"  sfDescription="solution variable"  sfLBound="1"  sfUBound="nD"  sfFpmlTag="r:steps">  <sfColumn sfName="h"/> </sfColumnGroup> 
<sfColumnGroup  sfName="XLoanData"  sfDescription="solution variable, solution variable, solution variable, solution variable, solution variable, solution variable, solution variable, solution variable, solution variable and solution variable"  sfLBound="1"  sfUBound="nD"  sfFpmlTag="r:steps">  <sfColumn sfName="Par"/>  <sfColumn sfName="CPR"/>  <sfColumn sfName="PurchPrice"/>  <sfColumn sfName="Amrt"/>  <sfColumn sfName="Frq"/>  <sfColumn sfName="nPrdsTot"/>  <sfColumn sfName="Flr"/>  <sfColumn sfName="Cap"/>  <sfColumn sfName="PerCap"/>  <sfColumn sfName="Spread"/> </sfColumnGroup> 
<sfColumnGroup  sfName="XNoteData"  sfDescription="solution variable, solution variable, solution variable and solution variable"  sfLBound="1"  sfUBound="nT"  sfFpmlTag="r:steps">  <sfColumn sfName="Cp"/>  <sfColumn sfName="Load"/>  <sfColumn sfName="OCT"/>  <sfColumn sfName="ICT"/> </sfColumnGroup> 
<sfColumnGroup  sfName="Xr0"  sfDescription="solution variable"  sfLBound="1"  sfUBound="nD"  sfFpmlTag="r:steps">  <sfColumn sfName="r0"/> </sfColumnGroup> 
<sfColumnGroup  sfName="XZCurve"  sfDescription="solution variable and solution variable"  sfLBound="1"  sfUBound="nZ"  sfFpmlTag="r:steps">  <sfColumn sfName="ZCurve"/>  <sfColumn sfName="TCurve"/> </sfColumnGroup> 
 
 <sfInstallation  sfCompanyName="SciComp Inc" sfUserName="\:c601\:c5c5" />
</sfFunction> 