<files>
<file name="init.dat" description="Test data for model" type="3"/>
<file name="mcCLO.cpp" description="C++ code for model" type="1"/>
<file name="mcCLO.h" description="Header file for model" type="2"/>
<file name="mcCLO.log" description="Log file for model synthesis" type="6"/>
<file name="mcCLOMain.cpp" description="(Main) C++ code for model" type="1"/>
<file name="mcCLO.sln" description="Project file for command line test harness" type="4"/>
<file name="mcCLO.vcxproj" description="Project file for command line test harness" type="4"/>
<file name="mcCLO.xml" description="XML file describing model" type="5"/>
</files>
