<files>
<file name="init.dat" description="Test data for model" type="3"/>
<file name="mcBarrier1LFD.cpp" description="C++ code for model" type="1"/>
<file name="mcBarrier1LFD.h" description="Header file for model" type="2"/>
<file name="mcBarrier1LFD.log" description="Log file for model synthesis" type="6"/>
<file name="mcBarrier1LFDMain.cpp" description="(Main) C++ code for model" type="1"/>
<file name="mcBarrier1LFD.sln" description="Project file for command line test harness" type="4"/>
<file name="mcBarrier1LFD.vcxproj" description="Project file for command line test harness" type="4"/>
<file name="mcBarrier1LFD.xml" description="XML file describing model" type="5"/>
</files>
