<?xml version="1.0" standalone="yes"?>
<sfFunction sfName="mcEqLinkStructNote2" sfHeaderFile="mcEqLinkStructNote2.h" sfCFile="mcEqLinkStructNote2.cpp" sfInstrument="mcEqLinkStructNote2 option" >
<sfAttrib sfName="sfCodeModel" sfValue="SciArray"/>
<sfXlpGen> 
<xlpStyleSheet> scixl.xsl</xlpStyleSheet> 
<xlpXmlFile> mcEqLinkStructNote2-xlpgen.xml</xlpXmlFile> 
<xlpProjectSrcDir> project-files</xlpProjectSrcDir> 
<xlpProjectDestDir> . </xlpProjectDestDir> 
<xlpAddinCppFile> mcEqLinkStructNote2xl.cpp</xlpAddinCppFile> 
<xlpAddinHFile> mcEqLinkStructNote2xl.h</xlpAddinHFile> 
<xlpXlsFile xlpTarget="mcEqLinkStructNote2-demo.xls" />  
</sfXlpGen> 
<sfInput   sfName="nD"  sfDataType="long" sfDims="0"  sfDescription="maximum for iD"  sfDefault="10"  sfFpmlTag=""/> 
<sfInput   sfName="nObs"  sfDataType="long" sfDims="0"  sfDescription="solution variable"  sfDefault="10"  sfFpmlTag=""/> 
<sfInput   sfName="Notional"  sfDataType="double" sfDims="0"  sfDescription="solution variable"  sfDefault="0.0"  sfFpmlTag=""/> 
<sfInput   sfName="ObsDates"  sfDataType="double" sfDims="1"  sfLBound="1"  sfUBound="nObs"  sfDescription="solution variable"  sfDefault="0.0"  sfFpmlTag=""> <sfAttrib sfName="date" sfValue="1"/> </sfInput>
<sfInput   sfName="pMax"  sfDataType="long" sfDims="0"  sfDescription="maximum for path"  sfDefault="10"  sfFpmlTag=""/> 
<sfInput   sfName="PR"  sfDataType="double" sfDims="0"  sfDescription="solution variable"  sfDefault="0.0"  sfFpmlTag=""/> 
<sfInput   sfName="q"  sfDataType="double" sfDims="1"  sfLBound="0"  sfUBound="nD"  sfDescription="solution variable"  sfDefault="0.0"  sfFpmlTag=""/> 
<sfInput   sfName="r"  sfDataType="double" sfDims="0"  sfDescription="discount rate"  sfDefault="0.0"  sfFpmlTag=""/> 
<sfInput   sfName="rho"  sfDataType="double" sfDims="2"  sfLBound="0"  sfUBound="nD"  sfLBound2="0"  sfUBound2="nD"  sfDescription="solution variable"  sfDefault="0.0"  sfFpmlTag=""/> 
<sfInput   sfName="Series"  sfDataType="long" sfDims="0"  sfDescription="solution variable"  sfDefault="10"  sfFpmlTag=""/> 
<sfInput   sfName="sigma"  sfDataType="double" sfDims="1"  sfLBound="0"  sfUBound="nD"  sfDescription="solution variable"  sfDefault="0.0"  sfFpmlTag=""/> 
<sfInput   sfName="Spot"  sfDataType="double" sfDims="1"  sfLBound="0"  sfUBound="nD"  sfDescription="solution variable"  sfDefault="0.0"  sfFpmlTag=""/> 
<sfInput   sfName="SRef"  sfDataType="double" sfDims="1"  sfLBound="0"  sfUBound="nD"  sfDescription="solution variable"  sfDefault="0.0"  sfFpmlTag=""/> 
<sfInput   sfName="TMax"  sfDataType="double" sfDims="0"  sfDescription="maximum time"  sfDefault="0.0"  sfFpmlTag=""> <sfAttrib sfName="date" sfValue="1"/> </sfInput>
<sfOutput   sfName="Vx"  sfDataType="double" sfDims="0"  sfDescription="discounted value"  sfFpmlTag=""/> 
<sfColumnGroup  sfName="XBasket"  sfDescription="solution variable, solution variable, solution variable and solution variable"  sfLBound="0"  sfUBound="nD"  sfFpmlTag="r:steps">  <sfColumn sfName="Spot"/>  <sfColumn sfName="SRef"/>  <sfColumn sfName="q"/>  <sfColumn sfName="sigma"/> </sfColumnGroup> 
<sfColumnGroup  sfName="XObsDates"  sfDescription="solution variable"  sfLBound="1"  sfUBound="nObs"  sfFpmlTag="r:steps">  <sfColumn sfName="ObsDates"/> </sfColumnGroup> 
 
 <sfInstallation  sfCompanyName="SciComp Inc" sfUserName="\:c601\:c5c5" />
</sfFunction> 