<files>
<file name="init.dat" description="Test data for model" type="3"/>
<file name="mcBasket3.cpp" description="C++ code for model" type="1"/>
<file name="mcBasket3.h" description="Header file for model" type="2"/>
<file name="mcBasket3.log" description="Log file for model synthesis" type="6"/>
<file name="mcBasket3Main.cpp" description="(Main) C++ code for model" type="1"/>
<file name="mcBasket3.sln" description="Project file for command line test harness" type="4"/>
<file name="mcBasket3.vcxproj" description="Project file for command line test harness" type="4"/>
<file name="mcBasket3.xml" description="XML file describing model" type="5"/>
</files>
