<?xml version="1.0" standalone="yes"?>
<sfFunction sfName="mcG1CancelAccretingSwap1" sfHeaderFile="mcG1CancelAccretingSwap1.h" sfCFile="mcG1CancelAccretingSwap1.cpp" sfInstrument="mcG1CancelAccretingSwap1 option" >
<sfAttrib sfName="sfCodeModel" sfValue="SciArray"/>
<sfXlpGen> 
<xlpStyleSheet> scixl.xsl</xlpStyleSheet> 
<xlpXmlFile> mcG1CancelAccretingSwap1-xlpgen.xml</xlpXmlFile> 
<xlpProjectSrcDir> project-files</xlpProjectSrcDir> 
<xlpProjectDestDir> . </xlpProjectDestDir> 
<xlpAddinCppFile> mcG1CancelAccretingSwap1xl.cpp</xlpAddinCppFile> 
<xlpAddinHFile> mcG1CancelAccretingSwap1xl.h</xlpAddinHFile> 
<xlpXlsFile xlpTarget="mcG1CancelAccretingSwap1-demo.xls" />  
</sfXlpGen> 
<sfInput   sfName="CallPrice"  sfDataType="double" sfDims="0"  sfDescription="solution variable"  sfDefault="0.0"  sfFpmlTag=""/> 
<sfInput   sfName="CommenceDate"  sfDataType="double" sfDims="0"  sfDescription="solution variable"  sfDefault="0.0"  sfFpmlTag=""/> 
<sfInput   sfName="CouponDatesFixed"  sfDataType="double" sfDims="1"  sfLBound="1"  sfUBound="nCpnFixed"  sfDescription="solution variable"  sfDefault="0.0"  sfFpmlTag=""> <sfAttrib sfName="date" sfValue="1"/> </sfInput>
<sfInput   sfName="CouponDatesFloat"  sfDataType="double" sfDims="1"  sfLBound="1"  sfUBound="nCpnFloat"  sfDescription="solution variable"  sfDefault="0.0"  sfFpmlTag=""> <sfAttrib sfName="date" sfValue="1"/> </sfInput>
<sfInput   sfName="CouponFixed"  sfDataType="double" sfDims="0"  sfDescription="solution variable"  sfDefault="0.0"  sfFpmlTag=""/> 
<sfInput   sfName="ExerciseDates"  sfDataType="double" sfDims="1"  sfLBound="1"  sfUBound="nExer"  sfDescription="solution variable"  sfDefault="0.0"  sfFpmlTag=""> <sfAttrib sfName="date" sfValue="1"/> </sfInput>
<sfInput   sfName="Gear"  sfDataType="double" sfDims="0"  sfDescription="solution variable"  sfDefault="0.0"  sfFpmlTag=""/> 
<sfInput   sfName="isPayer"  sfDataType="boolean" sfDims="0"  sfDescription="solution variable"  sfDefault="10"  sfFpmlTag=""/> 
<sfInput   sfName="kappa"  sfDataType="double" sfDims="0"  sfDescription="solution variable"  sfDefault="0.0"  sfFpmlTag=""/> 
<sfInput   sfName="maxord1"  sfDataType="long" sfDims="0"  sfDescription="solution variable"  sfDefault="10"  sfFpmlTag=""/> 
<sfInput   sfName="maxord2"  sfDataType="long" sfDims="0"  sfDescription="solution variable"  sfDefault="10"  sfFpmlTag=""/> 
<sfInput   sfName="nCpnFixed"  sfDataType="long" sfDims="0"  sfDescription="solution variable"  sfDefault="10"  sfFpmlTag=""/> 
<sfInput   sfName="nCpnFloat"  sfDataType="long" sfDims="0"  sfDescription="solution variable"  sfDefault="10"  sfFpmlTag=""/> 
<sfInput   sfName="nExer"  sfDataType="long" sfDims="0"  sfDescription="solution variable"  sfDefault="10"  sfFpmlTag=""/> 
<sfInput   sfName="Nfixed"  sfDataType="double" sfDims="1"  sfLBound="1"  sfUBound="nCpnFixed"  sfDescription="solution variable"  sfDefault="0.0"  sfFpmlTag=""/> 
<sfInput   sfName="Nfloat"  sfDataType="double" sfDims="1"  sfLBound="1"  sfUBound="nCpnFloat"  sfDescription="solution variable"  sfDefault="0.0"  sfFpmlTag=""/> 
<sfInput   sfName="nMax"  sfDataType="long" sfDims="0"  sfDescription="number of grid cells for t"  sfDefault="10"  sfFpmlTag=""/> 
<sfInput   sfName="nZero"  sfDataType="long" sfDims="0"  sfDescription="solution variable"  sfDefault="10"  sfFpmlTag=""/> 
<sfInput   sfName="PastLibor"  sfDataType="double" sfDims="0"  sfDescription="solution variable"  sfDefault="0.0"  sfFpmlTag=""/> 
<sfInput   sfName="pMax"  sfDataType="long" sfDims="0"  sfDescription="maximum for path"  sfDefault="10"  sfFpmlTag=""/> 
<sfInput   sfName="Series"  sfDataType="long" sfDims="0"  sfDescription="solution variable"  sfDefault="10"  sfFpmlTag=""/> 
<sfInput   sfName="sigma"  sfDataType="double" sfDims="0"  sfDescription="solution variable"  sfDefault="0.0"  sfFpmlTag=""/> 
<sfInput   sfName="Spread"  sfDataType="double" sfDims="0"  sfDescription="solution variable"  sfDefault="0.0"  sfFpmlTag=""/> 
<sfInput   sfName="zDates"  sfDataType="double" sfDims="1"  sfLBound="0"  sfUBound="nZero"  sfDescription="solution variable"  sfDefault="0.0"  sfFpmlTag=""> <sfAttrib sfName="date" sfValue="1"/> </sfInput>
<sfInput   sfName="zRates"  sfDataType="double" sfDims="1"  sfLBound="0"  sfUBound="nZero"  sfDescription="solution variable"  sfDefault="0.0"  sfFpmlTag=""/> 
<sfOutput   sfName="Vx"  sfDataType="double" sfDims="0"  sfDescription="discounted value"  sfFpmlTag=""/> 
<sfColumnGroup  sfName="XCouponDataFixed"  sfDescription="solution variable and solution variable"  sfLBound="1"  sfUBound="nCpnFixed"  sfFpmlTag="r:steps">  <sfColumn sfName="CouponDatesFixed"/>  <sfColumn sfName="Nfixed"/> </sfColumnGroup> 
<sfColumnGroup  sfName="XCouponDataFloat"  sfDescription="solution variable and solution variable"  sfLBound="1"  sfUBound="nCpnFloat"  sfFpmlTag="r:steps">  <sfColumn sfName="CouponDatesFloat"/>  <sfColumn sfName="Nfloat"/> </sfColumnGroup> 
<sfColumnGroup  sfName="XExerciseDates"  sfDescription="solution variable"  sfLBound="1"  sfUBound="nExer"  sfFpmlTag="r:steps">  <sfColumn sfName="ExerciseDates"/> </sfColumnGroup> 
<sfColumnGroup  sfName="XZeroCurve"  sfDescription="solution variable and solution variable"  sfLBound="0"  sfUBound="nZero"  sfFpmlTag="r:steps">  <sfColumn sfName="zDates"/>  <sfColumn sfName="zRates"/> </sfColumnGroup> 
 
 <sfInstallation  sfCompanyName="SciComp Inc" sfUserName="\:c601\:c5c5" />
</sfFunction> 