<?xml version="1.0" standalone="yes"?>
<sfFunction sfName="mcCSO7" sfHeaderFile="mcCSO7.h" sfCFile="mcCSO7.cpp" sfInstrument=" Collaterized Synthetic Debt Obligation using a factor copula method " >
<sfAttrib sfName="sfCodeModel" sfValue="SciArray"/>
<sfXlpGen> 
<xlpStyleSheet> scixl.xsl</xlpStyleSheet> 
<xlpXmlFile> mcCSO7-xlpgen.xml</xlpXmlFile> 
<xlpProjectSrcDir> project-files</xlpProjectSrcDir> 
<xlpProjectDestDir> . </xlpProjectDestDir> 
<xlpAddinCppFile> mcCSO7xl.cpp</xlpAddinCppFile> 
<xlpAddinHFile> mcCSO7xl.h</xlpAddinHFile> 
<xlpXlsFile xlpTarget="mcCSO7-demo.xls" />  
</sfXlpGen> 
<sfInput   sfName="aFac"  sfDataType="double" sfDims="1"  sfLBound="1"  sfUBound="nD"  sfDescription="solution variable"  sfDefault="0.0"  sfFpmlTag=""/> 
<sfInput   sfName="beta1"  sfDataType="double" sfDims="0"  sfDescription="solution variable"  sfDefault="0.0"  sfFpmlTag=""/> 
<sfInput   sfName="beta2"  sfDataType="double" sfDims="0"  sfDescription="solution variable"  sfDefault="0.0"  sfFpmlTag=""/> 
<sfInput   sfName="CdsBump"  sfDataType="double" sfDims="0"  sfDescription="solution variable"  sfDefault="0.0"  sfFpmlTag=""/> 
<sfInput   sfName="CdsCurve"  sfDataType="double" sfDims="2"  sfLBound="1"  sfUBound="nD"  sfLBound2="1"  sfUBound2="ncds"  sfDescription="solution variable"  sfDefault="0.0"  sfFpmlTag=""/> 
<sfInput   sfName="CdsInit"  sfDataType="double" sfDims="0"  sfDescription="solution variable"  sfDefault="0.0"  sfFpmlTag=""/> 
<sfInput   sfName="CdsInterval"  sfDataType="double" sfDims="0"  sfDescription="solution variable"  sfDefault="0.0"  sfFpmlTag=""/> 
<sfInput   sfName="CdsTCurve"  sfDataType="double" sfDims="1"  sfLBound="1"  sfUBound="ncds"  sfDescription="solution variable"  sfDefault="0.0"  sfFpmlTag=""/> 
<sfInput   sfName="Detach"  sfDataType="double" sfDims="1"  sfLBound="1"  sfUBound="nT"  sfDescription="solution variable"  sfDefault="0.0"  sfFpmlTag=""/> 
<sfInput   sfName="FacBump"  sfDataType="double" sfDims="0"  sfDescription="solution variable"  sfDefault="0.0"  sfFpmlTag=""/> 
<sfInput   sfName="MezzLDswitch"  sfDataType="boolean" sfDims="1"  sfLBound="1"  sfUBound="nD"  sfDescription="solution variable"  sfDefault="10"  sfFpmlTag=""/> 
<sfInput   sfName="MezzLFswitch"  sfDataType="boolean" sfDims="1"  sfLBound="1"  sfUBound="nD"  sfDescription="solution variable"  sfDefault="10"  sfFpmlTag=""/> 
<sfInput   sfName="MezzPDswitch"  sfDataType="boolean" sfDims="1"  sfLBound="1"  sfUBound="nD"  sfDescription="solution variable"  sfDefault="10"  sfFpmlTag=""/> 
<sfInput   sfName="MezzPFswitch"  sfDataType="boolean" sfDims="1"  sfLBound="1"  sfUBound="nD"  sfDescription="solution variable"  sfDefault="10"  sfFpmlTag=""/> 
<sfInput   sfName="nC"  sfDataType="long" sfDims="0"  sfDescription="solution variable"  sfDefault="10"  sfFpmlTag=""/> 
<sfInput   sfName="ncds"  sfDataType="long" sfDims="0"  sfDescription="solution variable"  sfDefault="10"  sfFpmlTag=""/> 
<sfInput   sfName="nD"  sfDataType="long" sfDims="0"  sfDescription="maximum for i"  sfDefault="10"  sfFpmlTag=""/> 
<sfInput   sfName="Notional"  sfDataType="double" sfDims="1"  sfLBound="1"  sfUBound="nD"  sfDescription="solution variable"  sfDefault="0.0"  sfFpmlTag=""/> 
<sfInput   sfName="nT"  sfDataType="long" sfDims="0"  sfDescription="maximum for iT"  sfDefault="10"  sfFpmlTag=""/> 
<sfInput   sfName="nZ"  sfDataType="long" sfDims="0"  sfDescription="solution variable"  sfDefault="10"  sfFpmlTag=""/> 
<sfInput   sfName="pMax"  sfDataType="long" sfDims="0"  sfDescription="maximum for path"  sfDefault="10"  sfFpmlTag=""/> 
<sfInput   sfName="RecSwitch"  sfDataType="long" sfDims="0"  sfDescription="solution variable"  sfDefault="10"  sfFpmlTag=""/> 
<sfInput   sfName="RSpread"  sfDataType="double" sfDims="1"  sfLBound="1"  sfUBound="nT"  sfDescription="solution variable"  sfDefault="0.0"  sfFpmlTag=""/> 
<sfInput   sfName="tC"  sfDataType="double" sfDims="1"  sfLBound="1"  sfUBound="nC"  sfDescription="solution variable"  sfDefault="0.0"  sfFpmlTag=""> <sfAttrib sfName="date" sfValue="1"/> </sfInput>
<sfInput   sfName="TCurve"  sfDataType="double" sfDims="1"  sfLBound="1"  sfUBound="nZ"  sfDescription="solution variable"  sfDefault="0.0"  sfFpmlTag=""/> 
<sfInput   sfName="UFee"  sfDataType="double" sfDims="0"  sfDescription="solution variable"  sfDefault="0.0"  sfFpmlTag=""/> 
<sfInput   sfName="UniformRecovery"  sfDataType="double" sfDims="0"  sfDescription="solution variable"  sfDefault="0.0"  sfFpmlTag=""/> 
<sfInput   sfName="ZCurve"  sfDataType="double" sfDims="1"  sfLBound="1"  sfUBound="nZ"  sfDescription="solution variable"  sfDefault="0.0"  sfFpmlTag=""/> 
<sfOutput   sfName="FairValuex"  sfDataType="double" sfDims="1"  sfLBound="1"  sfUBound="nT"  sfDescription="solution variable"  sfFpmlTag=""/> 
<sfOutput   sfName="FSpreadx"  sfDataType="double" sfDims="1"  sfLBound="1"  sfUBound="nT"  sfDescription="solution variable"  sfFpmlTag=""/> 
<sfOutput   sfName="LossValuex"  sfDataType="double" sfDims="1"  sfLBound="1"  sfUBound="nT"  sfDescription="discounted value"  sfFpmlTag=""/> 
<sfOutput   sfName="MezzLDeltax"  sfDataType="double" sfDims="1"  sfLBound="1"  sfUBound="nD"  sfDescription="solution variable"  sfFpmlTag=""/> 
<sfOutput   sfName="MezzLFacDeltax"  sfDataType="double" sfDims="1"  sfLBound="1"  sfUBound="nD"  sfDescription="solution variable"  sfFpmlTag=""/> 
<sfOutput   sfName="MezzPDeltax"  sfDataType="double" sfDims="1"  sfLBound="1"  sfUBound="nD"  sfDescription="solution variable"  sfFpmlTag=""/> 
<sfOutput   sfName="MezzPFacDeltax"  sfDataType="double" sfDims="1"  sfLBound="1"  sfUBound="nD"  sfDescription="solution variable"  sfFpmlTag=""/> 
<sfOutput   sfName="PremValuex"  sfDataType="double" sfDims="1"  sfLBound="1"  sfUBound="nT"  sfDescription="discounted value"  sfFpmlTag=""/> 
<sfColumnGroup  sfName="X1X"  sfDescription="solution variable"  sfLBound="1"  sfUBound="nD"  sfFpmlTag="r:steps">  <sfColumn sfName="aFac"/> </sfColumnGroup> 
<sfColumnGroup  sfName="X2X"  sfDescription="solution variable"  sfLBound="1"  sfUBound="ncds"  sfFpmlTag="r:steps">  <sfColumn sfName="CdsTCurve"/> </sfColumnGroup> 
<sfColumnGroup  sfName="X3X"  sfDescription="solution variable"  sfLBound="1"  sfUBound="nT"  sfFpmlTag="r:steps">  <sfColumn sfName="Detach"/> </sfColumnGroup> 
<sfColumnGroup  sfName="X4X"  sfDescription="solution variable"  sfLBound="1"  sfUBound="nD"  sfFpmlTag="r:steps">  <sfColumn sfName="MezzLDswitch"/> </sfColumnGroup> 
<sfColumnGroup  sfName="X5X"  sfDescription="solution variable"  sfLBound="1"  sfUBound="nD"  sfFpmlTag="r:steps">  <sfColumn sfName="MezzLFswitch"/> </sfColumnGroup> 
<sfColumnGroup  sfName="X6X"  sfDescription="solution variable"  sfLBound="1"  sfUBound="nD"  sfFpmlTag="r:steps">  <sfColumn sfName="MezzPDswitch"/> </sfColumnGroup> 
<sfColumnGroup  sfName="X7X"  sfDescription="solution variable"  sfLBound="1"  sfUBound="nD"  sfFpmlTag="r:steps">  <sfColumn sfName="MezzPFswitch"/> </sfColumnGroup> 
<sfColumnGroup  sfName="X8X"  sfDescription="solution variable"  sfLBound="1"  sfUBound="nD"  sfFpmlTag="r:steps">  <sfColumn sfName="Notional"/> </sfColumnGroup> 
<sfColumnGroup  sfName="X9X"  sfDescription="solution variable"  sfLBound="1"  sfUBound="nC"  sfFpmlTag="r:steps">  <sfColumn sfName="tC"/> </sfColumnGroup> 
<sfColumnGroup  sfName="X10X"  sfDescription="solution variable"  sfLBound="1"  sfUBound="nT"  sfFpmlTag="r:steps">  <sfColumn sfName="RSpread"/> </sfColumnGroup> 
<sfColumnGroup  sfName="X11X"  sfDescription="solution variable and solution variable"  sfLBound="1"  sfUBound="nZ"  sfFpmlTag="r:steps">  <sfColumn sfName="ZCurve"/>  <sfColumn sfName="TCurve"/> </sfColumnGroup> 
 
 <sfInstallation  sfCompanyName="SciComp Inc" sfUserName="\:c601\:c5c5" />
</sfFunction> 