<?xml version="1.0" standalone="yes"?>
<sfFunction sfName="mcAltiplano1" sfHeaderFile="mcAltiplano1.h" sfCFile="mcAltiplano1.cpp" sfInstrument=" At expiration holder receives Coupon if no stock drops below Limit between tStart and tEnd, else receives a basket call. " >
<sfAttrib sfName="sfCodeModel" sfValue="SciArray"/>
<sfXlpGen> 
<xlpStyleSheet> scixl.xsl</xlpStyleSheet> 
<xlpXmlFile> mcAltiplano1-xlpgen.xml</xlpXmlFile> 
<xlpProjectSrcDir> project-files</xlpProjectSrcDir> 
<xlpProjectDestDir> . </xlpProjectDestDir> 
<xlpAddinCppFile> mcAltiplano1xl.cpp</xlpAddinCppFile> 
<xlpAddinHFile> mcAltiplano1xl.h</xlpAddinHFile> 
<xlpXlsFile xlpTarget="mcAltiplano1-demo.xls" />  
</sfXlpGen> 
<sfInput   sfName="cont"  sfDataType="boolean" sfDims="0"  sfDescription="solution variable"  sfDefault="10"  sfFpmlTag=""/> 
<sfInput   sfName="Coupon"  sfDataType="double" sfDims="0"  sfDescription="solution variable"  sfDefault="0.0"  sfFpmlTag=""/> 
<sfInput   sfName="D0"  sfDataType="double" sfDims="1"  sfLBound="1"  sfUBound="nD"  sfDescription="solution variable"  sfDefault="0.0"  sfFpmlTag=""/> 
<sfInput   sfName="disc"  sfDataType="double" sfDims="0"  sfDescription="discount rate"  sfDefault="0.0"  sfFpmlTag=""/> 
<sfInput   sfName="K"  sfDataType="double" sfDims="0"  sfDescription="solution variable"  sfDefault="0.0"  sfFpmlTag=""/> 
<sfInput   sfName="Limit"  sfDataType="double" sfDims="0"  sfDescription="solution variable"  sfDefault="0.0"  sfFpmlTag=""/> 
<sfInput   sfName="loan"  sfDataType="double" sfDims="1"  sfLBound="1"  sfUBound="nD"  sfDescription="solution variable"  sfDefault="0.0"  sfFpmlTag=""/> 
<sfInput   sfName="nD"  sfDataType="long" sfDims="0"  sfDescription="solution variable"  sfDefault="10"  sfFpmlTag=""/> 
<sfInput   sfName="nSample"  sfDataType="long" sfDims="0"  sfDescription="solution variable"  sfDefault="10"  sfFpmlTag=""/> 
<sfInput   sfName="pMax"  sfDataType="long" sfDims="0"  sfDescription="maximum for path"  sfDefault="10"  sfFpmlTag=""/> 
<sfInput   sfName="rho"  sfDataType="double" sfDims="2"  sfLBound="1"  sfUBound="nD"  sfLBound2="1"  sfUBound2="nD"  sfDescription="solution variable"  sfDefault="0.0"  sfFpmlTag=""/> 
<sfInput   sfName="S0"  sfDataType="double" sfDims="1"  sfLBound="1"  sfUBound="nD"  sfDescription="solution variable"  sfDefault="0.0"  sfFpmlTag=""/> 
<sfInput   sfName="Series"  sfDataType="long" sfDims="0"  sfDescription="solution variable"  sfDefault="10"  sfFpmlTag=""/> 
<sfInput   sfName="sigma"  sfDataType="double" sfDims="1"  sfLBound="1"  sfUBound="nD"  sfDescription="solution variable"  sfDefault="0.0"  sfFpmlTag=""/> 
<sfInput   sfName="Spot"  sfDataType="double" sfDims="1"  sfLBound="1"  sfUBound="nD"  sfDescription="solution variable"  sfDefault="0.0"  sfFpmlTag=""/> 
<sfInput   sfName="tEnd"  sfDataType="double" sfDims="0"  sfDescription="solution variable"  sfDefault="0.0"  sfFpmlTag=""> <sfAttrib sfName="date" sfValue="1"/> </sfInput>
<sfInput   sfName="TMax"  sfDataType="double" sfDims="0"  sfDescription="maximum time"  sfDefault="0.0"  sfFpmlTag=""> <sfAttrib sfName="date" sfValue="1"/> </sfInput>
<sfInput   sfName="tStart"  sfDataType="double" sfDims="0"  sfDescription="solution variable"  sfDefault="0.0"  sfFpmlTag=""> <sfAttrib sfName="date" sfValue="1"/> </sfInput>
<sfOutput   sfName="Vx"  sfDataType="double" sfDims="0"  sfDescription="discounted value"  sfFpmlTag=""/> 
<sfColumnGroup  sfName="XD0"  sfDescription="solution variable"  sfLBound="1"  sfUBound="nD"  sfFpmlTag="r:steps">  <sfColumn sfName="D0"/> </sfColumnGroup> 
<sfColumnGroup  sfName="Xloan"  sfDescription="solution variable"  sfLBound="1"  sfUBound="nD"  sfFpmlTag="r:steps">  <sfColumn sfName="loan"/> </sfColumnGroup> 
<sfColumnGroup  sfName="XS0"  sfDescription="solution variable"  sfLBound="1"  sfUBound="nD"  sfFpmlTag="r:steps">  <sfColumn sfName="S0"/> </sfColumnGroup> 
<sfColumnGroup  sfName="Xsigma"  sfDescription="solution variable"  sfLBound="1"  sfUBound="nD"  sfFpmlTag="r:steps">  <sfColumn sfName="sigma"/> </sfColumnGroup> 
<sfColumnGroup  sfName="XSpot"  sfDescription="solution variable"  sfLBound="1"  sfUBound="nD"  sfFpmlTag="r:steps">  <sfColumn sfName="Spot"/> </sfColumnGroup> 
 
 <sfInstallation  sfCompanyName="SciComp Inc" sfUserName="\:c601\:c5c5" />
</sfFunction> 