<?xml version="1.0" standalone="yes"?>
<sfFunction sfName="mcEverest1" sfHeaderFile="mcEverest1.h" sfCFile="mcEverest1.cpp" sfInstrument="mcEverest1 option" >
<sfAttrib sfName="sfCodeModel" sfValue="SciArray"/>
<sfXlpGen> 
<xlpStyleSheet> scixl.xsl</xlpStyleSheet> 
<xlpXmlFile> mcEverest1-xlpgen.xml</xlpXmlFile> 
<xlpProjectSrcDir> project-files</xlpProjectSrcDir> 
<xlpProjectDestDir> . </xlpProjectDestDir> 
<xlpAddinCppFile> mcEverest1xl.cpp</xlpAddinCppFile> 
<xlpAddinHFile> mcEverest1xl.h</xlpAddinHFile> 
<xlpXlsFile xlpTarget="mcEverest1-demo.xls" />  
</sfXlpGen> 
<sfInput   sfName="beta"  sfDataType="double" sfDims="1"  sfLBound="1"  sfUBound="nD"  sfDescription="solution variable"  sfDefault="0.0"  sfFpmlTag=""/> 
<sfInput   sfName="Bonus"  sfDataType="double" sfDims="0"  sfDescription="solution variable"  sfDefault="0.0"  sfFpmlTag=""/> 
<sfInput   sfName="D0"  sfDataType="double" sfDims="1"  sfLBound="1"  sfUBound="nD"  sfDescription="solution variable"  sfDefault="0.0"  sfFpmlTag=""/> 
<sfInput   sfName="disc"  sfDataType="double" sfDims="0"  sfDescription="discount rate"  sfDefault="0.0"  sfFpmlTag=""/> 
<sfInput   sfName="loan"  sfDataType="double" sfDims="1"  sfLBound="1"  sfUBound="nD"  sfDescription="solution variable"  sfDefault="0.0"  sfFpmlTag=""/> 
<sfInput   sfName="nD"  sfDataType="long" sfDims="0"  sfDescription="maximum for i"  sfDefault="10"  sfFpmlTag=""/> 
<sfInput   sfName="nMax"  sfDataType="long" sfDims="0"  sfDescription="number of grid cells for t"  sfDefault="10"  sfFpmlTag=""/> 
<sfInput   sfName="Notional"  sfDataType="double" sfDims="0"  sfDescription="solution variable"  sfDefault="0.0"  sfFpmlTag=""/> 
<sfInput   sfName="perfFloor"  sfDataType="double" sfDims="0"  sfDescription="solution variable"  sfDefault="0.0"  sfFpmlTag=""/> 
<sfInput   sfName="pMax"  sfDataType="long" sfDims="0"  sfDescription="maximum for path"  sfDefault="10"  sfFpmlTag=""/> 
<sfInput   sfName="rho"  sfDataType="double" sfDims="2"  sfLBound="1"  sfUBound="nD"  sfLBound2="1"  sfUBound2="nD"  sfDescription="solution variable"  sfDefault="0.0"  sfFpmlTag=""/> 
<sfInput   sfName="S0"  sfDataType="double" sfDims="1"  sfLBound="1"  sfUBound="nD"  sfDescription="solution variable"  sfDefault="0.0"  sfFpmlTag=""/> 
<sfInput   sfName="Series"  sfDataType="long" sfDims="0"  sfDescription="solution variable"  sfDefault="10"  sfFpmlTag=""/> 
<sfInput   sfName="sigma"  sfDataType="double" sfDims="1"  sfLBound="1"  sfUBound="nD"  sfDescription="solution variable"  sfDefault="0.0"  sfFpmlTag=""/> 
<sfInput   sfName="SNorm"  sfDataType="double" sfDims="1"  sfLBound="1"  sfUBound="nD"  sfDescription="solution variable"  sfDefault="0.0"  sfFpmlTag=""/> 
<sfInput   sfName="Spot"  sfDataType="double" sfDims="1"  sfLBound="1"  sfUBound="nD"  sfDescription="solution variable"  sfDefault="0.0"  sfFpmlTag=""/> 
<sfInput   sfName="TMax"  sfDataType="double" sfDims="0"  sfDescription="maximum time"  sfDefault="0.0"  sfFpmlTag=""> <sfAttrib sfName="date" sfValue="1"/> </sfInput>
<sfOutput   sfName="Vx"  sfDataType="double" sfDims="0"  sfDescription="discounted value"  sfFpmlTag=""/> 
<sfColumnGroup  sfName="Xbeta"  sfDescription="solution variable"  sfLBound="1"  sfUBound="nD"  sfFpmlTag="r:steps">  <sfColumn sfName="beta"/> </sfColumnGroup> 
<sfColumnGroup  sfName="XD0"  sfDescription="solution variable"  sfLBound="1"  sfUBound="nD"  sfFpmlTag="r:steps">  <sfColumn sfName="D0"/> </sfColumnGroup> 
<sfColumnGroup  sfName="Xloan"  sfDescription="solution variable"  sfLBound="1"  sfUBound="nD"  sfFpmlTag="r:steps">  <sfColumn sfName="loan"/> </sfColumnGroup> 
<sfColumnGroup  sfName="XS0"  sfDescription="solution variable"  sfLBound="1"  sfUBound="nD"  sfFpmlTag="r:steps">  <sfColumn sfName="S0"/> </sfColumnGroup> 
<sfColumnGroup  sfName="Xsigma"  sfDescription="solution variable"  sfLBound="1"  sfUBound="nD"  sfFpmlTag="r:steps">  <sfColumn sfName="sigma"/> </sfColumnGroup> 
<sfColumnGroup  sfName="XSNorm"  sfDescription="solution variable"  sfLBound="1"  sfUBound="nD"  sfFpmlTag="r:steps">  <sfColumn sfName="SNorm"/> </sfColumnGroup> 
<sfColumnGroup  sfName="XSpot"  sfDescription="solution variable"  sfLBound="1"  sfUBound="nD"  sfFpmlTag="r:steps">  <sfColumn sfName="Spot"/> </sfColumnGroup> 
 
 <sfInstallation  sfCompanyName="SciComp Inc" sfUserName="\:c601\:c5c5" />
</sfFunction> 