<?xml version="1.0" standalone="yes"?>
<sfFunction sfName="install1" sfHeaderFile="install1.h" sfCFile="install1.cpp" sfInstrument="  Installment option with switchable cancellation " >
<sfAttrib sfName="sfCodeModel" sfValue="SciArray"/>
<sfXlpGen> 
<xlpStyleSheet> scixl.xsl</xlpStyleSheet> 
<xlpXmlFile> install1-xlpgen.xml</xlpXmlFile> 
<xlpProjectSrcDir> project-files</xlpProjectSrcDir> 
<xlpProjectDestDir> . </xlpProjectDestDir> 
<xlpAddinCppFile> install1xl.cpp</xlpAddinCppFile> 
<xlpAddinHFile> install1xl.h</xlpAddinHFile> 
<xlpXlsFile xlpTarget="install1-demo.xls" />  
</sfXlpGen> 
<sfInput   sfName="D0"  sfDataType="double" sfDims="0"  sfDescription="continuous dividend yield"  sfDefault="0.0"  sfFpmlTag=""/> 
<sfInput   sfName="divamount1"  sfDataType="double" sfDims="1"  sfLBound="1"  sfUBound="numdiv"  sfDescription="solution variable"  sfDefault="0.0"  sfFpmlTag=""/> 
<sfInput   sfName="iMax"  sfDataType="long" sfDims="0"  sfDescription="number of grid cells for S"  sfDefault="10"  sfFpmlTag=""/> 
<sfInput   sfName="inst"  sfDataType="boolean" sfDims="0"  sfDescription="solution variable"  sfDefault="10"  sfFpmlTag=""/> 
<sfInput   sfName="K"  sfDataType="double" sfDims="0"  sfDescription="solution variable"  sfDefault="0.0"  sfFpmlTag=""/> 
<sfInput   sfName="L"  sfDataType="double" sfDims="1"  sfLBound="1"  sfUBound="ninst"  sfDescription="solution variable"  sfDefault="0.0"  sfFpmlTag=""/> 
<sfInput   sfName="ninst"  sfDataType="long" sfDims="0"  sfDescription="solution variable"  sfDefault="10"  sfFpmlTag=""/> 
<sfInput   sfName="nMax"  sfDataType="long" sfDims="0"  sfDescription="number of grid cells for t"  sfDefault="10"  sfFpmlTag=""/> 
<sfInput   sfName="nspot"  sfDataType="long" sfDims="0"  sfDescription="solution variable"  sfDefault="10"  sfFpmlTag=""/> 
<sfInput   sfName="numdiv"  sfDataType="long" sfDims="0"  sfDescription="solution variable"  sfDefault="10"  sfFpmlTag=""/> 
<sfInput   sfName="phi"  sfDataType="double" sfDims="0"  sfDescription="solution variable"  sfDefault="0.0"  sfFpmlTag=""/> 
<sfInput   sfName="put"  sfDataType="boolean" sfDims="0"  sfDescription="solution variable"  sfDefault="10"  sfFpmlTag=""/> 
<sfInput   sfName="r"  sfDataType="double" sfDims="0"  sfDescription="interest rate"  sfDefault="0.0"  sfFpmlTag=""/> 
<sfInput   sfName="sigma"  sfDataType="double" sfDims="0"  sfDescription="volatility"  sfDefault="0.0"  sfFpmlTag=""/> 
<sfInput   sfName="SMax"  sfDataType="double" sfDims="0"  sfDescription="maximum physical value in dimension S"  sfDefault="0.0"  sfFpmlTag=""/> 
<sfInput   sfName="spottable"  sfDataType="double" sfDims="1"  sfLBound="0"  sfUBound="nspot"  sfDescription="solution variable"  sfDefault="0.0"  sfFpmlTag=""/> 
<sfInput   sfName="tdiv1"  sfDataType="double" sfDims="1"  sfLBound="1"  sfUBound="numdiv"  sfDescription="Sample array for DividendAtEnd"  sfDefault="0.0"  sfFpmlTag=""> <sfAttrib sfName="date" sfValue="1"/> </sfInput>
<sfInput   sfName="TMax"  sfDataType="double" sfDims="0"  sfDescription="minimum physical value in dimension t"  sfDefault="0.0"  sfFpmlTag=""> <sfAttrib sfName="date" sfValue="1"/> </sfInput>
<sfInput   sfName="tsample1"  sfDataType="double" sfDims="1"  sfLBound="1"  sfUBound="ninst"  sfDescription="Sample array for Exercise"  sfDefault="0.0"  sfFpmlTag=""> <sfAttrib sfName="date" sfValue="1"/> </sfInput>
<sfOutput   sfName="atSpotx"  sfDataType="double" sfDims="1"  sfLBound="0"  sfUBound="nspot"  sfDescription="solution variable"  sfFpmlTag=""/> 
<sfOutput   sfName="atSpot1x"  sfDataType="double" sfDims="1"  sfLBound="0"  sfUBound="nspot"  sfDescription="solution variable"  sfFpmlTag=""/> 
<sfOutput   sfName="atSpot2x"  sfDataType="double" sfDims="1"  sfLBound="0"  sfUBound="nspot"  sfDescription="solution variable"  sfFpmlTag=""/> 
<sfOutput   sfName="atSpot3x"  sfDataType="double" sfDims="1"  sfLBound="0"  sfUBound="nspot"  sfDescription="solution variable"  sfFpmlTag=""/> 
<sfOutput   sfName="atSpot4x"  sfDataType="double" sfDims="1"  sfLBound="0"  sfUBound="nspot"  sfDescription="solution variable"  sfFpmlTag=""/> 
<sfOutput   sfName="atSpot5x"  sfDataType="double" sfDims="1"  sfLBound="0"  sfUBound="nspot"  sfDescription="solution variable"  sfFpmlTag=""/> 
<sfColumnGroup  sfName="Xspot"  sfDescription="solution variable"  sfLBound="0"  sfUBound="nspot"  sfFpmlTag="r:steps">  <sfColumn sfName="spottable"/> </sfColumnGroup> 
<sfColumnGroup  sfName="Xtdiv"  sfDescription="solution variable and Sample array for DividendAtEnd"  sfLBound="1"  sfUBound="numdiv"  sfFpmlTag="r:steps">  <sfColumn sfName="divamount1"/>  <sfColumn sfName="tdiv1"/> </sfColumnGroup> 
<sfColumnGroup  sfName="Xtinst"  sfDescription="solution variable and Sample array for Exercise"  sfLBound="1"  sfUBound="ninst"  sfFpmlTag="r:steps">  <sfColumn sfName="L"/>  <sfColumn sfName="tsample1"/> </sfColumnGroup> 
 
 <sfInstallation  sfCompanyName="SciComp Inc" sfUserName="\:c601\:c5c5" />
</sfFunction> 