<files>
<file name="instal.dat" description="Test data for model" type="3"/>
<file name="install1.cpp" description="C++ code for model" type="1"/>
<file name="install1.h" description="Header file for model" type="2"/>
<file name="install1.log" description="Log file for model synthesis" type="6"/>
<file name="install1Main.cpp" description="(Main) C++ code for model" type="1"/>
<file name="install1.sln" description="Project file for command line test harness" type="4"/>
<file name="install1.vcxproj" description="Project file for command line test harness" type="4"/>
<file name="install1.xml" description="XML file describing model" type="5"/>
</files>
