<?xml version="1.0" standalone="yes"?>
<sfFunction sfName="CBBestOf2" sfHeaderFile="CBBestOf2.h" sfCFile="CBBestOf2.cpp" sfInstrument=" Convertible bond that converts into the best of two assets " >
<sfAttrib sfName="sfCodeModel" sfValue="SciArray"/>
<sfXlpGen> 
<xlpStyleSheet> scixl.xsl</xlpStyleSheet> 
<xlpXmlFile> CBBestOf2-xlpgen.xml</xlpXmlFile> 
<xlpProjectSrcDir> project-files</xlpProjectSrcDir> 
<xlpProjectDestDir> . </xlpProjectDestDir> 
<xlpAddinCppFile> CBBestOf2xl.cpp</xlpAddinCppFile> 
<xlpAddinHFile> CBBestOf2xl.h</xlpAddinHFile> 
<xlpXlsFile xlpTarget="CBBestOf2-demo.xls" />  
</sfXlpGen> 
<sfInput   sfName="Accuracy"  sfDataType="double" sfDims="0"  sfDescription="solution variable"  sfDefault="0.0"  sfFpmlTag=""/> 
<sfInput   sfName="alphaS1"  sfDataType="double" sfDims="0"  sfDescription="solution variable"  sfDefault="-999."  sfFpmlTag=""/> 
<sfInput   sfName="alphaS2"  sfDataType="double" sfDims="0"  sfDescription="solution variable"  sfDefault="-999."  sfFpmlTag=""/> 
<sfInput   sfName="callPrice"  sfDataType="double" sfDims="0"  sfDescription="solution variable"  sfDefault="0.0"  sfFpmlTag=""/> 
<sfInput   sfName="coupTab"  sfDataType="double" sfDims="1"  sfLBound="1"  sfUBound="ncoup"  sfDescription="solution variable"  sfDefault="0.0"  sfFpmlTag=""/> 
<sfInput   sfName="couptTab"  sfDataType="double" sfDims="1"  sfLBound="1"  sfUBound="ncoup"  sfDescription="Sample array for Exercise"  sfDefault="0.0"  sfFpmlTag=""> <sfAttrib sfName="date" sfValue="1"/> </sfInput>
<sfInput   sfName="CR1"  sfDataType="double" sfDims="0"  sfDescription="solution variable"  sfDefault="0.0"  sfFpmlTag=""/> 
<sfInput   sfName="CR2"  sfDataType="double" sfDims="0"  sfDescription="solution variable"  sfDefault="0.0"  sfFpmlTag=""/> 
<sfInput   sfName="D01"  sfDataType="double" sfDims="0"  sfDescription="continuous dividend yield security 1"  sfDefault="0.0"  sfFpmlTag=""/> 
<sfInput   sfName="D02"  sfDataType="double" sfDims="0"  sfDescription="continuous dividend yield security 2"  sfDefault="0.0"  sfFpmlTag=""/> 
<sfInput   sfName="div1Amounts"  sfDataType="double" sfDims="1"  sfLBound="1"  sfUBound="numdiv1"  sfDescription="solution variable"  sfDefault="0.0"  sfFpmlTag=""/> 
<sfInput   sfName="div1Times"  sfDataType="double" sfDims="1"  sfLBound="1"  sfUBound="numdiv1"  sfDescription="Sample array for DividendAtEnd"  sfDefault="0.0"  sfFpmlTag=""> <sfAttrib sfName="date" sfValue="1"/> </sfInput>
<sfInput   sfName="div2Amounts"  sfDataType="double" sfDims="1"  sfLBound="1"  sfUBound="numdiv2"  sfDescription="solution variable"  sfDefault="0.0"  sfFpmlTag=""/> 
<sfInput   sfName="div2Times"  sfDataType="double" sfDims="1"  sfLBound="1"  sfUBound="numdiv2"  sfDescription="Sample array for DividendAtEnd"  sfDefault="0.0"  sfFpmlTag=""> <sfAttrib sfName="date" sfValue="1"/> </sfInput>
<sfInput   sfName="iMax"  sfDataType="long" sfDims="0"  sfDescription="number of grid cells for x"  sfDefault="-999"  sfFpmlTag=""/> 
<sfInput   sfName="jMax"  sfDataType="long" sfDims="0"  sfDescription="number of grid cells for y"  sfDefault="-999"  sfFpmlTag=""/> 
<sfInput   sfName="ncoup"  sfDataType="long" sfDims="0"  sfDescription="solution variable"  sfDefault="10"  sfFpmlTag=""/> 
<sfInput   sfName="nMax"  sfDataType="long" sfDims="0"  sfDescription="number of grid cells for tau"  sfDefault="-999"  sfFpmlTag=""/> 
<sfInput   sfName="nput"  sfDataType="long" sfDims="0"  sfDescription="solution variable"  sfDefault="10"  sfFpmlTag=""/> 
<sfInput   sfName="numdiv1"  sfDataType="long" sfDims="0"  sfDescription="solution variable"  sfDefault="10"  sfFpmlTag=""/> 
<sfInput   sfName="numdiv2"  sfDataType="long" sfDims="0"  sfDescription="solution variable"  sfDefault="10"  sfFpmlTag=""/> 
<sfInput   sfName="parValue"  sfDataType="double" sfDims="0"  sfDescription="solution variable"  sfDefault="0.0"  sfFpmlTag=""/> 
<sfInput   sfName="protPrice1"  sfDataType="double" sfDims="0"  sfDescription="solution variable"  sfDefault="0.0"  sfFpmlTag=""/> 
<sfInput   sfName="protPrice2"  sfDataType="double" sfDims="0"  sfDescription="solution variable"  sfDefault="0.0"  sfFpmlTag=""/> 
<sfInput   sfName="putTab"  sfDataType="double" sfDims="1"  sfLBound="1"  sfUBound="nput"  sfDescription="solution variable"  sfDefault="0.0"  sfFpmlTag=""/> 
<sfInput   sfName="puttTab"  sfDataType="double" sfDims="1"  sfLBound="1"  sfUBound="nput"  sfDescription="Sample array for Exercise"  sfDefault="0.0"  sfFpmlTag=""> <sfAttrib sfName="date" sfValue="1"/> </sfInput>
<sfInput   sfName="r"  sfDataType="double" sfDims="0"  sfDescription="risk-free interest rate"  sfDefault="0.0"  sfFpmlTag=""/> 
<sfInput   sfName="rho"  sfDataType="double" sfDims="0"  sfDescription="correlation coefficient"  sfDefault="0.0"  sfFpmlTag=""/> 
<sfInput   sfName="S1Max"  sfDataType="double" sfDims="0"  sfDescription="solution variable"  sfDefault="-999."  sfFpmlTag=""/> 
<sfInput   sfName="S1Min"  sfDataType="double" sfDims="0"  sfDescription="solution variable"  sfDefault="-999."  sfFpmlTag=""/> 
<sfInput   sfName="S2Max"  sfDataType="double" sfDims="0"  sfDescription="solution variable"  sfDefault="-999."  sfFpmlTag=""/> 
<sfInput   sfName="S2Min"  sfDataType="double" sfDims="0"  sfDescription="solution variable"  sfDefault="-999."  sfFpmlTag=""/> 
<sfInput   sfName="sigma1"  sfDataType="double" sfDims="0"  sfDescription="volatility security 1"  sfDefault="0.0"  sfFpmlTag=""/> 
<sfInput   sfName="sigma2"  sfDataType="double" sfDims="0"  sfDescription="volatility security 2"  sfDefault="0.0"  sfFpmlTag=""/> 
<sfInput   sfName="Spot1"  sfDataType="double" sfDims="0"  sfDescription="solution variable"  sfDefault="0.0"  sfFpmlTag=""/> 
<sfInput   sfName="Spot2"  sfDataType="double" sfDims="0"  sfDescription="solution variable"  sfDefault="0.0"  sfFpmlTag=""/> 
<sfInput   sfName="tcallStart"  sfDataType="double" sfDims="0"  sfDescription="solution variable"  sfDefault="0.0"  sfFpmlTag=""> <sfAttrib sfName="date" sfValue="1"/> </sfInput>
<sfInput   sfName="TMax"  sfDataType="double" sfDims="0"  sfDescription="minimum physical value in dimension tau"  sfDefault="0.0"  sfFpmlTag=""> <sfAttrib sfName="date" sfValue="1"/> </sfInput>
<sfInput   sfName="tolSOR"  sfDataType="double" sfDims="0"  sfDescription="solution variable"  sfDefault="0.00000001"  sfFpmlTag=""/> 
<sfOutput   sfName="atSpotx"  sfDataType="double" sfDims="0"  sfDescription="solution variable"  sfFpmlTag=""/> 
<sfOutput   sfName="atSpot1x"  sfDataType="double" sfDims="0"  sfDescription="solution variable"  sfFpmlTag=""/> 
<sfOutput   sfName="atSpot2x"  sfDataType="double" sfDims="0"  sfDescription="solution variable"  sfFpmlTag=""/> 
<sfColumnGroup  sfName="XcoupTable"  sfDescription="Sample array for Exercise and solution variable"  sfLBound="1"  sfUBound="ncoup"  sfFpmlTag="r:steps">  <sfColumn sfName="couptTab"/>  <sfColumn sfName="coupTab"/> </sfColumnGroup> 
<sfColumnGroup  sfName="XputTable"  sfDescription="Sample array for Exercise and solution variable"  sfLBound="1"  sfUBound="nput"  sfFpmlTag="r:steps">  <sfColumn sfName="puttTab"/>  <sfColumn sfName="putTab"/> </sfColumnGroup> 
<sfColumnGroup  sfName="Xtdiv1"  sfDescription="solution variable and Sample array for DividendAtEnd"  sfLBound="1"  sfUBound="numdiv1"  sfFpmlTag="r:steps">  <sfColumn sfName="div1Amounts"/>  <sfColumn sfName="div1Times"/> </sfColumnGroup> 
<sfColumnGroup  sfName="Xtdiv2"  sfDescription="solution variable and Sample array for DividendAtEnd"  sfLBound="1"  sfUBound="numdiv2"  sfFpmlTag="r:steps">  <sfColumn sfName="div2Amounts"/>  <sfColumn sfName="div2Times"/> </sfColumnGroup> 
 
 <sfInstallation  sfCompanyName="SciComp Inc" sfUserName="\:c601\:c5c5" />
</sfFunction> 