<?xml version="1.0" standalone="yes"?>
<sfFunction sfName="mcCSO3" sfHeaderFile="mcCSO3.h" sfCFile="mcCSO3.cpp" sfInstrument=" Collaterized Synthetic Debt Obligation with uniformly prioritized waterfall " >
<sfAttrib sfName="sfCodeModel" sfValue="SciArray"/>
<sfXlpGen> 
<xlpStyleSheet> scixl.xsl</xlpStyleSheet> 
<xlpXmlFile> mcCSO3-xlpgen.xml</xlpXmlFile> 
<xlpProjectSrcDir> project-files</xlpProjectSrcDir> 
<xlpProjectDestDir> . </xlpProjectDestDir> 
<xlpAddinCppFile> mcCSO3xl.cpp</xlpAddinCppFile> 
<xlpAddinHFile> mcCSO3xl.h</xlpAddinHFile> 
<xlpXlsFile xlpTarget="mcCSO3-demo.xls" />  
</sfXlpGen> 
<sfInput   sfName="alpha"  sfDataType="double" sfDims="0"  sfDescription="solution variable"  sfDefault="0.0"  sfFpmlTag=""/> 
<sfInput   sfName="aX"  sfDataType="double" sfDims="1"  sfLBound="1"  sfUBound="nD"  sfDescription="solution variable"  sfDefault="0.0"  sfFpmlTag=""/> 
<sfInput   sfName="aXc"  sfDataType="double" sfDims="0"  sfDescription="solution variable"  sfDefault="0.0"  sfFpmlTag=""/> 
<sfInput   sfName="bX"  sfDataType="double" sfDims="1"  sfLBound="1"  sfUBound="nD"  sfDescription="solution variable"  sfDefault="0.0"  sfFpmlTag=""/> 
<sfInput   sfName="bXc"  sfDataType="double" sfDims="0"  sfDescription="solution variable"  sfDefault="0.0"  sfFpmlTag=""/> 
<sfInput   sfName="CopR"  sfDataType="double" sfDims="2"  sfLBound="1"  sfUBound="nD"  sfLBound2="1"  sfUBound2="nD"  sfDescription="solution variable"  sfDefault="0.0"  sfFpmlTag=""/> 
<sfInput   sfName="Coup1"  sfDataType="double" sfDims="0"  sfDescription="solution variable"  sfDefault="0.0"  sfFpmlTag=""/> 
<sfInput   sfName="Coup2"  sfDataType="double" sfDims="0"  sfDescription="solution variable"  sfDefault="0.0"  sfFpmlTag=""/> 
<sfInput   sfName="Coupon"  sfDataType="double" sfDims="1"  sfLBound="1"  sfUBound="nD"  sfDescription="solution variable"  sfDefault="0.0"  sfFpmlTag=""/> 
<sfInput   sfName="cX"  sfDataType="double" sfDims="1"  sfLBound="1"  sfUBound="nD"  sfDescription="solution variable"  sfDefault="0.0"  sfFpmlTag=""/> 
<sfInput   sfName="cXc"  sfDataType="double" sfDims="0"  sfDescription="solution variable"  sfDefault="0.0"  sfFpmlTag=""/> 
<sfInput   sfName="dX"  sfDataType="double" sfDims="1"  sfLBound="1"  sfUBound="nD"  sfDescription="solution variable"  sfDefault="0.0"  sfFpmlTag=""/> 
<sfInput   sfName="lX"  sfDataType="double" sfDims="1"  sfLBound="1"  sfUBound="nD"  sfDescription="solution variable"  sfDefault="0.0"  sfFpmlTag=""/> 
<sfInput   sfName="nC"  sfDataType="long" sfDims="0"  sfDescription="solution variable"  sfDefault="10"  sfFpmlTag=""/> 
<sfInput   sfName="nD"  sfDataType="long" sfDims="0"  sfDescription="solution variable"  sfDefault="10"  sfFpmlTag=""/> 
<sfInput   sfName="nMax"  sfDataType="long" sfDims="0"  sfDescription="number of grid cells for t"  sfDefault="10"  sfFpmlTag=""/> 
<sfInput   sfName="Notional"  sfDataType="double" sfDims="1"  sfLBound="1"  sfUBound="nD"  sfDescription="solution variable"  sfDefault="0.0"  sfFpmlTag=""/> 
<sfInput   sfName="P1"  sfDataType="double" sfDims="0"  sfDescription="solution variable"  sfDefault="0.0"  sfFpmlTag=""/> 
<sfInput   sfName="P2"  sfDataType="double" sfDims="0"  sfDescription="solution variable"  sfDefault="0.0"  sfFpmlTag=""/> 
<sfInput   sfName="pMax"  sfDataType="long" sfDims="0"  sfDescription="maximum for path"  sfDefault="10"  sfFpmlTag=""/> 
<sfInput   sfName="r"  sfDataType="double" sfDims="0"  sfDescription="solution variable"  sfDefault="0.0"  sfFpmlTag=""/> 
<sfInput   sfName="Recovery"  sfDataType="double" sfDims="1"  sfLBound="1"  sfUBound="nD"  sfDescription="solution variable"  sfDefault="0.0"  sfFpmlTag=""/> 
<sfInput   sfName="rho"  sfDataType="double" sfDims="2"  sfLBound="1"  sfUBound="10"  sfLBound2="1"  sfUBound2="10"  sfDescription="solution variable"  sfDefault="0.0"  sfFpmlTag=""/> 
<sfInput   sfName="Seed"  sfDataType="long" sfDims="0"  sfDescription="solution variable"  sfDefault="10"  sfFpmlTag=""/> 
<sfInput   sfName="tC"  sfDataType="double" sfDims="1"  sfLBound="1"  sfUBound="nC"  sfDescription="solution variable"  sfDefault="0.0"  sfFpmlTag=""> <sfAttrib sfName="date" sfValue="1"/> </sfInput>
<sfInput   sfName="TMax"  sfDataType="double" sfDims="0"  sfDescription="maximum time"  sfDefault="0.0"  sfFpmlTag=""> <sfAttrib sfName="date" sfValue="1"/> </sfInput>
<sfInput   sfName="xi"  sfDataType="double" sfDims="0"  sfDescription="solution variable"  sfDefault="0.0"  sfFpmlTag=""/> 
<sfOutput   sfName="devx"  sfDataType="double" sfDims="0"  sfDescription="standard deviation error estimate"  sfFpmlTag=""/> 
<sfOutput   sfName="dev1x"  sfDataType="double" sfDims="0"  sfDescription="standard deviation error estimate"  sfFpmlTag=""/> 
<sfOutput   sfName="dev2x"  sfDataType="double" sfDims="0"  sfDescription="standard deviation error estimate"  sfFpmlTag=""/> 
<sfOutput   sfName="Juniorx"  sfDataType="double" sfDims="0"  sfDescription="discounted value"  sfFpmlTag=""/> 
<sfOutput   sfName="Mezzaninex"  sfDataType="double" sfDims="0"  sfDescription="discounted value"  sfFpmlTag=""/> 
<sfOutput   sfName="Seniorx"  sfDataType="double" sfDims="0"  sfDescription="discounted value"  sfFpmlTag=""/> 
<sfColumnGroup  sfName="XCollateral"  sfDescription="solution variable, solution variable and solution variable"  sfLBound="1"  sfUBound="nD"  sfFpmlTag="r:steps">  <sfColumn sfName="Coupon"/>  <sfColumn sfName="Notional"/>  <sfColumn sfName="Recovery"/> </sfColumnGroup> 
<sfColumnGroup  sfName="XkappaX"  sfDescription="solution variable"  sfLBound="1"  sfUBound="nD"  sfFpmlTag="r:steps">  <sfColumn sfName="aX"/> </sfColumnGroup> 
<sfColumnGroup  sfName="XlX"  sfDescription="solution variable"  sfLBound="1"  sfUBound="nD"  sfFpmlTag="r:steps">  <sfColumn sfName="lX"/> </sfColumnGroup> 
<sfColumnGroup  sfName="XmuX"  sfDescription="solution variable"  sfLBound="1"  sfUBound="nD"  sfFpmlTag="r:steps">  <sfColumn sfName="dX"/> </sfColumnGroup> 
<sfColumnGroup  sfName="XsigmaX"  sfDescription="solution variable"  sfLBound="1"  sfUBound="nD"  sfFpmlTag="r:steps">  <sfColumn sfName="cX"/> </sfColumnGroup> 
<sfColumnGroup  sfName="XtCoup"  sfDescription="solution variable"  sfLBound="1"  sfUBound="nC"  sfFpmlTag="r:steps">  <sfColumn sfName="tC"/> </sfColumnGroup> 
<sfColumnGroup  sfName="XthetaX"  sfDescription="solution variable"  sfLBound="1"  sfUBound="nD"  sfFpmlTag="r:steps">  <sfColumn sfName="bX"/> </sfColumnGroup> 
 
 <sfInstallation  sfCompanyName="SciComp Inc" sfUserName="\:c601\:c5c5" />
</sfFunction> 