<?xml version="1.0" standalone="yes"?>
<sfFunction sfName="mcDaro1" sfHeaderFile="mcDaro1.h" sfCFile="mcDaro1.cpp" sfInstrument=" Discretely sampled European Fixed Strike arithmetic DARO via Monte Carlo path construction using Brownian bridge and Sobol points. " >
<sfAttrib sfName="sfCodeModel" sfValue="SciArray"/>
<sfXlpGen> 
<xlpStyleSheet> scixl.xsl</xlpStyleSheet> 
<xlpXmlFile> mcDaro1-xlpgen.xml</xlpXmlFile> 
<xlpProjectSrcDir> project-files</xlpProjectSrcDir> 
<xlpProjectDestDir> . </xlpProjectDestDir> 
<xlpAddinCppFile> mcDaro1xl.cpp</xlpAddinCppFile> 
<xlpAddinHFile> mcDaro1xl.h</xlpAddinHFile> 
<xlpXlsFile xlpTarget="mcDaro1-demo.xls" />  
</sfXlpGen> 
<sfInput   sfName="D0"  sfDataType="double" sfDims="0"  sfDescription="solution variable"  sfDefault="0.0"  sfFpmlTag=""/> 
<sfInput   sfName="disc"  sfDataType="double" sfDims="0"  sfDescription="discount rate"  sfDefault="0.0"  sfFpmlTag=""/> 
<sfInput   sfName="lastA1"  sfDataType="double" sfDims="0"  sfDescription="solution variable"  sfDefault="0.0"  sfFpmlTag=""/> 
<sfInput   sfName="lastA2"  sfDataType="double" sfDims="0"  sfDescription="solution variable"  sfDefault="0.0"  sfFpmlTag=""/> 
<sfInput   sfName="leap"  sfDataType="long" sfDims="0"  sfDescription="solution variable"  sfDefault="10"  sfFpmlTag=""/> 
<sfInput   sfName="loan"  sfDataType="double" sfDims="0"  sfDescription="solution variable"  sfDefault="0.0"  sfFpmlTag=""/> 
<sfInput   sfName="nsampleSoFarA1"  sfDataType="long" sfDims="0"  sfDescription="solution variable"  sfDefault="10"  sfFpmlTag=""/> 
<sfInput   sfName="nsampleSoFarA2"  sfDataType="long" sfDims="0"  sfDescription="solution variable"  sfDefault="10"  sfFpmlTag=""/> 
<sfInput   sfName="nsampleToGoA1"  sfDataType="long" sfDims="0"  sfDescription="solution variable"  sfDefault="10"  sfFpmlTag=""/> 
<sfInput   sfName="nsampleToGoA2"  sfDataType="long" sfDims="0"  sfDescription="solution variable"  sfDefault="10"  sfFpmlTag=""/> 
<sfInput   sfName="pMax"  sfDataType="long" sfDims="0"  sfDescription="maximum for path"  sfDefault="10"  sfFpmlTag=""/> 
<sfInput   sfName="put"  sfDataType="boolean" sfDims="0"  sfDescription="solution variable"  sfDefault="10"  sfFpmlTag=""/> 
<sfInput   sfName="sigma"  sfDataType="double" sfDims="0"  sfDescription="solution variable"  sfDefault="0.0"  sfFpmlTag=""/> 
<sfInput   sfName="Spot"  sfDataType="double" sfDims="0"  sfDescription="solution variable"  sfDefault="0.0"  sfFpmlTag=""/> 
<sfInput   sfName="sskip"  sfDataType="long" sfDims="0"  sfDescription="solution variable"  sfDefault="10"  sfFpmlTag=""/> 
<sfInput   sfName="TMax"  sfDataType="double" sfDims="0"  sfDescription="maximum time"  sfDefault="0.0"  sfFpmlTag=""> <sfAttrib sfName="date" sfValue="1"/> </sfInput>
<sfInput   sfName="tsample1"  sfDataType="double" sfDims="1"  sfLBound="1"  sfUBound="nsampleToGoA1"  sfDescription="Sample array for Path"  sfDefault="0.0"  sfFpmlTag=""> <sfAttrib sfName="date" sfValue="1"/> </sfInput>
<sfInput   sfName="tsample2"  sfDataType="double" sfDims="1"  sfLBound="1"  sfUBound="nsampleToGoA2"  sfDescription="Sample array for Path"  sfDefault="0.0"  sfFpmlTag=""> <sfAttrib sfName="date" sfValue="1"/> </sfInput>
<sfOutput   sfName="Vx"  sfDataType="double" sfDims="0"  sfDescription="discounted value"  sfFpmlTag=""/> 
<sfColumnGroup  sfName="XA1samplingTime"  sfDescription="Sample array for Path"  sfLBound="1"  sfUBound="nsampleToGoA1"  sfFpmlTag="r:steps">  <sfColumn sfName="tsample1"/> </sfColumnGroup> 
<sfColumnGroup  sfName="XA2samplingTime"  sfDescription="Sample array for Path"  sfLBound="1"  sfUBound="nsampleToGoA2"  sfFpmlTag="r:steps">  <sfColumn sfName="tsample2"/> </sfColumnGroup> 
 
 <sfInstallation  sfCompanyName="SciComp Inc" sfUserName="\:c601\:c5c5" />
</sfFunction> 